This is pdfTeX, Version 3.141592653-2.6-1.40.27 (TeX Live 2025) (preloaded format=pdflatex 2025.6.19)  6 NOV 2025 20:18
entering extended mode
 restricted \write18 enabled.
 %&-line parsing enabled.
**main.tex
(./main.tex
LaTeX2e <2024-11-01> patch level 2
L3 programming layer <2025-01-18>
(./setup/uniavan.cls

LaTeX Warning: You have requested document class `setup/uniavan',
               but the document class provides `uniavan'.

Document Class: uniavan 2024/06/09 V2.0
(/usr/local/texlive/2025basic/texmf-dist/tex/latex/abntex2/abntex2.cls
Document Class: abntex2 2018/11/24 v-1.9.7 abnTeX2
(/usr/local/texlive/2025basic/texmf-dist/tex/latex/base/ifthen.sty
Package: ifthen 2024/03/16 v1.1e Standard LaTeX ifthen package (DPC)
)
(/usr/local/texlive/2025basic/texmf-dist/tex/latex/memoir/memoir.cls
Document Class: memoir 2025/03/06 v3.8.3 configurable book, report, article doc
ument class
(/usr/local/texlive/2025basic/texmf-dist/tex/latex/xpatch/xpatch.sty
(/usr/local/texlive/2025basic/texmf-dist/tex/latex/l3kernel/expl3.sty
Package: expl3 2025-01-18 L3 programming layer (loader) 

(/usr/local/texlive/2025basic/texmf-dist/tex/latex/l3backend/l3backend-pdftex.d
ef
File: l3backend-pdftex.def 2024-05-08 L3 backend support: PDF output (pdfTeX)
\l__color_backend_stack_int=\count196
\l__pdf_internal_box=\box52
))
Package: xpatch 2020/03/25 v0.3a Extending etoolbox patching commands

(/usr/local/texlive/2025basic/texmf-dist/tex/latex/l3packages/xparse/xparse.sty
Package: xparse 2024-08-16 L3 Experimental document command parser
) (/usr/local/texlive/2025basic/texmf-dist/tex/latex/etoolbox/etoolbox.sty
Package: etoolbox 2025/02/11 v2.5l e-TeX tools for LaTeX (JAW)
\etb@tempcnta=\count197
))
\onelineskip=\skip49
\lxvchars=\skip50
\xlvchars=\skip51
\@memcnta=\count198
\c@@memmarkcntra=\count199

(/usr/local/texlive/2025basic/texmf-dist/tex/generic/iftex/iftex.sty
Package: iftex 2024/12/12 v1.0g TeX engine tests
)
\trimtop=\skip52
\trimedge=\skip53

(/usr/local/texlive/2025basic/texmf-dist/tex/latex/memoir/mem12.clo
File: mem12.clo 2022/07/29 v0.5 memoir class 12pt size option
)
\binding=\skip54
\spinemargin=\skip55
\foremargin=\skip56
\uppermargin=\skip57
\lowermargin=\skip58
\headdrop=\skip59
\normalrulethickness=\skip60
\mem@maxheadheight=\skip61
\mem@maxfootheight=\skip62
\headwidth=\skip63
\c@storedpagenumber=\count266
\memPD=\dimen141
\m@mabparskip=\skip64
\thanksmarkwidth=\skip65
\thanksmarksep=\skip66
\droptitle=\skip67
\c@book=\count267
\c@part=\count268
\c@chapter=\count269
\c@section=\count270
\c@subsection=\count271
\c@subsubsection=\count272
\c@paragraph=\count273
\c@subparagraph=\count274
\beforechapskip=\skip68
\midchapskip=\skip69
\afterchapskip=\skip70
\chapindent=\skip71
\bottomsectionskip=\skip72
\secindent=\skip73
\beforesecskip=\skip74
\aftersecskip=\skip75
\subsecindent=\skip76
\beforesubsecskip=\skip77
\aftersubsecskip=\skip78
\subsubsecindent=\skip79
\beforesubsubsecskip=\skip80
\aftersubsubsecskip=\skip81
\paraindent=\skip82
\beforeparaskip=\skip83
\afterparaskip=\skip84
\subparaindent=\skip85
\beforesubparaskip=\skip86
\aftersubparaskip=\skip87
\pfbreakskip=\skip88
\c@@ppsavesec=\count275
\c@@ppsaveapp=\count276
\ragrparindent=\dimen142
\everylistparindent=\dimen143
\parsepi=\skip89
\topsepi=\skip90
\itemsepi=\skip91
\parsepii=\skip92
\topsepii=\skip93
\topsepiii=\skip94
\itemsepii=\skip95
\itemsepiii=\skip96
\partopsepii=\skip97
\partopsepiii=\skip98
\m@msavetopsep=\skip99
\m@msavepartopsep=\skip100
\@enLab=\toks17
\abstitleskip=\skip101
\absleftindent=\skip102
\abs@leftindent=\dimen144
\absrightindent=\skip103
\absparindent=\skip104
\absparsep=\skip105
\c@vslineno=\count277
\c@poemline=\count278
\c@modulo@vs=\count279
\c@memfvsline=\count280
\vleftskip=\skip106
\vrightskip=\skip107
\stanzaskip=\skip108
\versewidth=\skip109
\vgap=\skip110
\vindent=\skip111
\vleftmargin=\dimen145
\c@verse=\count281
\c@chrsinstr=\count282
\beforepoemtitleskip=\skip112
\afterpoemtitleskip=\skip113
\c@poem=\count283
\beforePoemTitleskip=\skip114
\midPoemTitleskip=\skip115
\afterPoemTitleskip=\skip116

(/usr/local/texlive/2025basic/texmf-dist/tex/latex/tools/array.sty
Package: array 2024/10/17 v2.6g Tabular extension package (FMi)
\col@sep=\dimen146
\ar@mcellbox=\box53
\extrarowheight=\dimen147
\NC@list=\toks18
\extratabsurround=\skip117
\backup@length=\skip118
\ar@cellbox=\box54
)
(/usr/local/texlive/2025basic/texmf-dist/tex/latex/tools/dcolumn.sty
Package: dcolumn 2023/07/08 v1.06 decimal alignment package (DPC)
)
(/usr/local/texlive/2025basic/texmf-dist/tex/latex/tools/delarray.sty
Package: delarray 2014/10/28 v1.01 array delimiter package (DPC)
)
(/usr/local/texlive/2025basic/texmf-dist/tex/latex/tools/tabularx.sty
Package: tabularx 2023/12/11 v2.12a `tabularx' package (DPC)
\TX@col@width=\dimen148
\TX@old@table=\dimen149
\TX@old@col=\dimen150
\TX@target=\dimen151
\TX@delta=\dimen152
\TX@cols=\count284
\TX@ftn=\toks19
)
(/usr/local/texlive/2025basic/texmf-dist/tex/latex/booktabs/booktabs.sty
Package: booktabs 2020/01/12 v1.61803398 Publication quality tables
\heavyrulewidth=\dimen153
\lightrulewidth=\dimen154
\cmidrulewidth=\dimen155
\belowrulesep=\dimen156
\belowbottomsep=\dimen157
\aboverulesep=\dimen158
\abovetopsep=\dimen159
\cmidrulesep=\dimen160
\cmidrulekern=\dimen161
\defaultaddspace=\dimen162
\@cmidla=\count285
\@cmidlb=\count286
\@aboverulesep=\dimen163
\@belowrulesep=\dimen164
\@thisruleclass=\count287
\@lastruleclass=\count288
\@thisrulewidth=\dimen165
)
\ctableftskip=\skip119
\ctabrightskip=\skip120
\abovecolumnspenalty=\count289
\@linestogo=\count290
\@cellstogo=\count291
\@cellsincolumn=\count292
\crtok=\toks20
\@mincolumnwidth=\dimen166
\c@newflo@tctr=\count293
\mem@margin@floatbox=\box55
\@contcwidth=\skip121
\@contindw=\skip122
\abovecaptionskip=\skip123
\belowcaptionskip=\skip124
\subfloattopskip=\skip125
\subfloatcapskip=\skip126
\subfloatcaptopadj=\skip127
\subfloatbottomskip=\skip128
\subfloatlabelskip=\skip129
\subfloatcapmargin=\dimen167
\c@@contsubnum=\count294
\m@mscap@capbox=\box56
\m@mscap@fbox=\box57
\sidecapsep=\dimen168
\sidecapwidth=\dimen169
\m@m@tempdima=\dimen170
\m@mscapraise=\dimen171
\sidecapraise=\dimen172
\m@mscapmainwidth=\dimen173
\m@mscaplkern=\dimen174
\beforeepigraphskip=\skip130
\afterepigraphskip=\skip131
\epigraphwidth=\skip132
\epigraphrule=\skip133
LaTeX Info: Redefining \em on input line 7017.
LaTeX Info: Redefining \emph on input line 7025.

(/usr/local/texlive/2025basic/texmf-dist/tex/latex/hyperref/nameref.sty
Package: nameref 2023-11-26 v2.56 Cross-referencing by name of section

(/usr/local/texlive/2025basic/texmf-dist/tex/latex/refcount/refcount.sty
Package: refcount 2019/12/15 v3.6 Data extraction from label references (HO)

(/usr/local/texlive/2025basic/texmf-dist/tex/generic/ltxcmds/ltxcmds.sty
Package: ltxcmds 2023-12-04 v1.26 LaTeX kernel commands for general use (HO)
)
(/usr/local/texlive/2025basic/texmf-dist/tex/generic/infwarerr/infwarerr.sty
Package: infwarerr 2019/12/03 v1.5 Providing info/warning/error messages (HO)
))
(/usr/local/texlive/2025basic/texmf-dist/tex/generic/gettitlestring/gettitlestr
ing.sty
Package: gettitlestring 2019/12/15 v1.6 Cleanup title references (HO)

(/usr/local/texlive/2025basic/texmf-dist/tex/latex/kvoptions/kvoptions.sty
Package: kvoptions 2022-06-15 v3.15 Key value format for package options (HO)

(/usr/local/texlive/2025basic/texmf-dist/tex/latex/graphics/keyval.sty
Package: keyval 2022/05/29 v1.15 key=value parser (DPC)
\KV@toks@=\toks21
)
(/usr/local/texlive/2025basic/texmf-dist/tex/latex/kvsetkeys/kvsetkeys.sty
Package: kvsetkeys 2022-10-05 v1.19 Key value parser (HO)
)))
\c@section@level=\count295
)
\tocentryskip=\skip134
\tocbaseline=\skip135
\cftparskip=\skip136
\cftbeforebookskip=\skip137
\cftbookindent=\dimen175
\cftbooknumwidth=\dimen176
\cftbeforepartskip=\skip138
\cftpartindent=\skip139
\cftpartnumwidth=\skip140
\cftbeforechapterskip=\skip141
\cftchapterindent=\skip142
\cftchapternumwidth=\skip143
\cftbeforesectionskip=\skip144
\cftsectionindent=\skip145
\cftsectionnumwidth=\skip146
\cftbeforesubsectionskip=\skip147
\cftsubsectionindent=\skip148
\cftsubsectionnumwidth=\skip149
\cftbeforesubsubsectionskip=\skip150
\cftsubsubsectionindent=\skip151
\cftsubsubsectionnumwidth=\skip152
\cftbeforeparagraphskip=\skip153
\cftparagraphindent=\skip154
\cftparagraphnumwidth=\skip155
\cftbeforesubparagraphskip=\skip156
\cftsubparagraphindent=\skip157
\cftsubparagraphnumwidth=\skip158
\prechapterprecisshift=\dimen177
\c@maxsecnumdepth=\count296
\bibindent=\dimen178
\bibitemsep=\skip159
\indexcolsep=\skip160
\indexrule=\skip161
\indexmarkstyle=\toks22
\@indexbox=\insert252
LaTeX Info: Redefining \raggedbottom on input line 8107.
LaTeX Info: Redefining \flushbottom on input line 8111.
\glossarycolsep=\dimen179
\glossaryrule=\dimen180
\sideparvshift=\skip162
\sideins=\insert251
\sidebartopsep=\skip163
\sidebarhsep=\skip164
\sidebarvsep=\skip165
\sidebarwidth=\skip166
\footmarkwidth=\skip167
\footmarksep=\skip168
\footparindent=\skip169
\footinsdim=\skip170
\footinsv@r=\insert250
\@mpfootinsv@r=\insert249
\m@m@k=\count297
\m@m@h=\dimen181
\m@mipn@skip=\skip171
\sidefootins=\insert248
\sidefootadjust=\skip172
\sidefootheight=\skip173
\sidefoothsep=\skip174
\sidefootvsep=\skip175
\sidefootwidth=\skip176
\m@mdownsf=\skip177
\c@sidefootnote=\count298
\sidefootmarkwidth=\skip178
\sidefootmarksep=\skip179
\sidefootparindent=\skip180
\c@pagenote=\count299
\c@pagenoteshadow=\count300
\mem@pn@lastkern=\skip181

(/usr/local/texlive/2025basic/texmf-dist/tex/latex/tools/verbatim.sty
Package: verbatim 2024-01-22 v1.5x LaTeX2e package for verbatim enhancements
\every@verbatim=\toks23
\verbatim@line=\toks24
\verbatim@in@stream=\read2
)
\verbatimindent=\skip182
\verbatim@out=\write3

(/usr/local/texlive/2025basic/texmf-dist/tex/latex/base/shortvrb.sty
Package: shortvrb 2024/10/23 v3.0q Standard LaTeX documentation package V3 (FMi
)
)
\bvboxsep=\skip183
\c@memfbvline=\count301
\c@bvlinectr=\count302
\bvnumlength=\skip184
\fb@frw=\dimen182
\fb@frh=\dimen183
\FrameRule=\dimen184
\FrameSep=\dimen185
\c@cp@cntr=\count303
\c@ism@mctr=\count304
\c@xsm@mctr=\count305
\c@csm@mctr=\count306
\c@ksm@mctr=\count307
\c@xksm@mctr=\count308
\c@cksm@mctr=\count309
\c@msm@mctr=\count310
\c@xmsm@mctr=\count311
\c@cmsm@mctr=\count312
\c@bsm@mctr=\count313
\c@workm@mctr=\count314
\c@sheetsequence=\count315
\c@lastsheet=\count316
\c@lastpage=\count317

(/usr/local/texlive/2025basic/texmf-dist/tex/latex/textcase/textcase.sty
Package: textcase 2025/02/16 v1.05 Text only upper/lower case changing (DPC)
Package textcase Info: Defining Legacy names on input line 20.
)
\c@figure=\count318
\c@lofdepth=\count319
\cftbeforefigureskip=\skip185
\cftfigureindent=\skip186
\cftfigurenumwidth=\skip187
\c@table=\count320
\c@lotdepth=\count321
\cftbeforetableskip=\skip188
\cfttableindent=\skip189
\cfttablenumwidth=\skip190
Package abstract [2008/07/23] emulated by memoir.
Package appendix [2008/07/23] emulated by memoir.
Package ccaption [2008/07/23] emulated by memoir.
Package changepage [2008/07/23] emulated by memoir.
Package chngcntr [2008/07/23] emulated by memoir.
Package chngpage [2008/07/23] emulated by memoir.
Package crop emulated by memoir.
Package enumerate [2008/07/23] emulated by memoir.
Package epigraph [2008/07/23] emulated by memoir.
Package ifmtarg [2008/07/23] emulated by memoir.
Package index [2008/07/23] emulated by memoir.
Package makeidx [2008/07/23] emulated by memoir.
Package moreverb [2008/07/23] emulated by memoir.
Package needspace [2008/07/23] emulated by memoir.
Package newfile [2008/07/23] emulated by memoir.
Package nextpage [2008/07/23] emulated by memoir.
Package pagenote [2008/07/23] emulated by memoir.
Package parskip [2008/07/23] emulated by memoir.
Package patchcmd [2008/07/23] emulated by memoir.
Package setspace [2008/07/23] emulated by memoir.
Package showidx [2008/07/23] emulated by memoir.
Package titleref [2008/07/23] emulated by memoir.
Package titling [2008/07/23] emulated by memoir.
Package tocbibind [2008/07/23] emulated by memoir.
Package tocloft [2008/07/23] emulated by memoir.
Package tocvsec2 [2008/07/23] emulated by memoir.
Package verse [2008/07/23] emulated by memoir.
)
(/usr/local/texlive/2025basic/texmf-dist/tex/latex/hyperref/hyperref.sty
Package: hyperref 2024-11-05 v7.01l Hypertext links for LaTeX

(/usr/local/texlive/2025basic/texmf-dist/tex/generic/kvdefinekeys/kvdefinekeys.
sty
Package: kvdefinekeys 2019-12-19 v1.6 Define keys (HO)
)
(/usr/local/texlive/2025basic/texmf-dist/tex/generic/pdfescape/pdfescape.sty
Package: pdfescape 2019/12/09 v1.15 Implements pdfTeX's escape features (HO)

(/usr/local/texlive/2025basic/texmf-dist/tex/generic/pdftexcmds/pdftexcmds.sty
Package: pdftexcmds 2020-06-27 v0.33 Utility functions of pdfTeX for LuaTeX (HO
)
Package pdftexcmds Info: \pdf@primitive is available.
Package pdftexcmds Info: \pdf@ifprimitive is available.
Package pdftexcmds Info: \pdfdraftmode found.
)) (/usr/local/texlive/2025basic/texmf-dist/tex/latex/hycolor/hycolor.sty
Package: hycolor 2020-01-27 v1.10 Color options for hyperref/bookmark (HO)
)
(/usr/local/texlive/2025basic/texmf-dist/tex/generic/stringenc/stringenc.sty
Package: stringenc 2019/11/29 v1.12 Convert strings between diff. encodings (HO
)
)
\@linkdim=\dimen186
\Hy@linkcounter=\count322
\Hy@pagecounter=\count323

(/usr/local/texlive/2025basic/texmf-dist/tex/latex/hyperref/pd1enc.def
File: pd1enc.def 2024-11-05 v7.01l Hyperref: PDFDocEncoding definition (HO)
Now handling font encoding PD1 ...
... no UTF-8 mapping file for font encoding PD1
)
(/usr/local/texlive/2025basic/texmf-dist/tex/generic/intcalc/intcalc.sty
Package: intcalc 2019/12/15 v1.3 Expandable calculations with integers (HO)
)
\Hy@SavedSpaceFactor=\count324

(/usr/local/texlive/2025basic/texmf-dist/tex/latex/hyperref/puenc.def
File: puenc.def 2024-11-05 v7.01l Hyperref: PDF Unicode definition (HO)
Now handling font encoding PU ...
... no UTF-8 mapping file for font encoding PU
)
Package hyperref Info: Hyper figures OFF on input line 4157.
Package hyperref Info: Link nesting OFF on input line 4162.
Package hyperref Info: Hyper index ON on input line 4165.
Package hyperref Info: Plain pages OFF on input line 4172.
Package hyperref Info: Backreferencing OFF on input line 4177.
Package hyperref Info: Implicit mode ON; LaTeX internals redefined.
Package hyperref Info: Bookmarks ON on input line 4424.
\c@Hy@tempcnt=\count325

(/usr/local/texlive/2025basic/texmf-dist/tex/latex/url/url.sty
\Urlmuskip=\muskip17
Package: url 2013/09/16  ver 3.4  Verb mode for urls, etc.
)
LaTeX Info: Redefining \url on input line 4763.
\XeTeXLinkMargin=\dimen187

(/usr/local/texlive/2025basic/texmf-dist/tex/generic/bitset/bitset.sty
Package: bitset 2019/12/09 v1.3 Handle bit-vector datatype (HO)

(/usr/local/texlive/2025basic/texmf-dist/tex/generic/bigintcalc/bigintcalc.sty
Package: bigintcalc 2019/12/15 v1.5 Expandable calculations on big integers (HO
)
))
\Fld@menulength=\count326
\Field@Width=\dimen188
\Fld@charsize=\dimen189
Package hyperref Info: Hyper figures OFF on input line 6042.
Package hyperref Info: Link nesting OFF on input line 6047.
Package hyperref Info: Hyper index ON on input line 6050.
Package hyperref Info: backreferencing OFF on input line 6057.
Package hyperref Info: Link coloring OFF on input line 6062.
Package hyperref Info: Link coloring with OCG OFF on input line 6067.
Package hyperref Info: PDF/A mode OFF on input line 6072.
 (/usr/local/texlive/2025basic/texmf-dist/tex/latex/base/atbegshi-ltx.sty
Package: atbegshi-ltx 2021/01/10 v1.0c Emulation of the original atbegshi
package with kernel methods
)
\Hy@abspage=\count327
\c@Item=\count328
\c@Hfootnote=\count329
)
Package hyperref Info: Driver (autodetected): hpdftex.

(/usr/local/texlive/2025basic/texmf-dist/tex/latex/hyperref/hpdftex.def
File: hpdftex.def 2024-11-05 v7.01l Hyperref driver for pdfTeX

(/usr/local/texlive/2025basic/texmf-dist/tex/latex/base/atveryend-ltx.sty
Package: atveryend-ltx 2020/08/19 v1.0a Emulation of the original atveryend pac
kage
with kernel methods
)
\Fld@listcount=\count330
\c@bookmark@seq@number=\count331

(/usr/local/texlive/2025basic/texmf-dist/tex/latex/rerunfilecheck/rerunfilechec
k.sty
Package: rerunfilecheck 2022-07-10 v1.10 Rerun checks for auxiliary files (HO)

(/usr/local/texlive/2025basic/texmf-dist/tex/generic/uniquecounter/uniquecounte
r.sty
Package: uniquecounter 2019/12/15 v1.4 Provide unlimited unique counter (HO)
)
Package uniquecounter Info: New unique counter `rerunfilecheck' on input line 2
85.
)
\Hy@SectionHShift=\skip191
) (/usr/local/texlive/2025basic/texmf-dist/tex/latex/memoir/memhfixc.sty
Package: memhfixc 2025/03/06 v1.23 hyperref package fixes for memoir class
\c@memhycontfloat=\count332
\c@mem@Hpagenote=\count333
) (/usr/local/texlive/2025basic/texmf-dist/tex/latex/bookmark/bookmark.sty
Package: bookmark 2023-12-10 v1.31 PDF bookmarks (HO)

(/usr/local/texlive/2025basic/texmf-dist/tex/latex/bookmark/bkm-pdftex.def
File: bkm-pdftex.def 2023-12-10 v1.31 bookmark driver for pdfTeX and luaTeX (HO
)
\BKM@id=\count334
))
(/usr/local/texlive/2025basic/texmf-dist/tex/generic/babel/babel.sty
Package: babel 2025/02/14 v25.4 The multilingual framework for pdfLaTeX, LuaLaT
eX and XeLaTeX
\babel@savecnt=\count335
\U@D=\dimen190
\l@unhyphenated=\language90

(/usr/local/texlive/2025basic/texmf-dist/tex/generic/babel/txtbabel.def)
\bbl@readstream=\read3
\bbl@dirlevel=\count336

(/usr/local/texlive/2025basic/texmf-dist/tex/generic/babel-english/english.ldf
Language: english 2017/06/06 v3.3r English support from the babel system
Package babel Info: Hyphen rules for 'canadian' set to \l@english
(babel)             (\language0). Reported on input line 102.
Package babel Info: Hyphen rules for 'australian' set to \l@ukenglish
(babel)             (\language22). Reported on input line 105.
Package babel Info: Hyphen rules for 'newzealand' set to \l@ukenglish
(babel)             (\language22). Reported on input line 108.
) (/usr/local/texlive/2025basic/texmf-dist/tex/generic/babel-portuges/brazil.ld
f
Language: portuges 2021/07/09 v1.2t Portuguese support from the babel system
Package babel Info: Hyphen rules for 'brazil' set to \l@portuguese
(babel)             (\language72). Reported on input line 111.
Package babel Info: Making " an active character on input line 143.
))
(/usr/local/texlive/2025basic/texmf-dist/tex/generic/babel/locale/en/babel-engl
ish.tex
Package babel Info: Importing font and identification data for english
(babel)             from babel-en.ini. Reported on input line 11.
)
(/usr/local/texlive/2025basic/texmf-dist/tex/latex/enumitem/enumitem.sty
Package: enumitem 2025/02/06 v3.11 Customized lists
\labelindent=\skip192
\enit@outerparindent=\dimen191
\enit@toks=\toks25
\enit@inbox=\box58
\enit@count@id=\count337
\enitdp@description=\count338
)
(/usr/local/texlive/2025basic/texmf-dist/tex/latex/tools/calc.sty
Package: calc 2023/07/08 v4.3 Infix arithmetic (KKT,FJ)
\calc@Acount=\count339
\calc@Bcount=\count340
\calc@Adimen=\dimen192
\calc@Bdimen=\dimen193
\calc@Askip=\skip193
\calc@Bskip=\skip194
LaTeX Info: Redefining \setlength on input line 80.
LaTeX Info: Redefining \addtolength on input line 81.
\calc@Ccount=\count341
\calc@Cskip=\skip195
)

******************************************************
Stock height and width: 845.04684pt by 597.50787pt
Top and edge trims: 0pt and 0pt
Page height and width: 845.04684pt by 597.50787pt
Text height and width: 708pt by 455pt
Spine and edge margins: 85.35826pt and 56.9055pt
Upper and lower margins: 85.35826pt and 51.68858pt
Headheight and headsep: 14.5pt and 19.8738pt
Footskip: 30pt
Columnsep and columnseprule: 10pt and 0pt
Marginparsep and marginparwidth: 7pt and 42.9055pt
Sidecapsep and sidecapwidth: 7pt and 42pt
Sidebarhsep and sidebarwidth: 7pt and 42pt
Sidebarvsep and sidebartopsep: 14.5pt and 0pt
Sidebarheight: 590.14995pt
Sidefoothsep and sidefootwidth: 7pt and 42pt
Sidefootvsep and sidefootheight: 14.5pt and 590.14995pt
******************************************************

\c@abntex@bookmarkcounter=\count342
\cftlastnumwidth=\skip196
\chapternamenumlength=\skip197
\ABNTEXcitacaorecuo=\skip198
\c@alineasi=\count343
\c@alineasii=\count344
\enitdp@alineas=\count345
\c@subalineasi=\count346
\enitdp@subalineas=\count347
\c@incisosi=\count348
\enitdp@incisos=\count349
\ABNTEXsignwidth=\skip199
\ABNTEXsignthickness=\skip256
\ABNTEXsignskip=\skip257
) (/usr/local/texlive/2025basic/texmf-dist/tex/latex/base/fontenc.sty
Package: fontenc 2021/04/29 v2.0v Standard LaTeX package
)
(/usr/local/texlive/2025basic/texmf-dist/tex/latex/psnfss/helvet.sty
Package: helvet 2020/03/25 PSNFSS-v9.3 (WaS) 
)
(/usr/local/texlive/2025basic/texmf-dist/tex/latex/base/inputenc.sty
Package: inputenc 2024/02/08 v1.3d Input encoding file
\inpenc@prehook=\toks26
\inpenc@posthook=\toks27
)
(/usr/local/texlive/2025basic/texmf-dist/tex/latex/tools/indentfirst.sty
Package: indentfirst 2023/07/02 v1.03 Indent first paragraph (DPC)
)
(/usr/local/texlive/2025basic/texmf-dist/tex/latex/graphics/color.sty
Package: color 2024/06/23 v1.3e Standard LaTeX Color (DPC)

(/usr/local/texlive/2025basic/texmf-dist/tex/latex/graphics-cfg/color.cfg
File: color.cfg 2016/01/02 v1.6 sample color configuration
)
Package color Info: Driver file: pdftex.def on input line 149.

(/usr/local/texlive/2025basic/texmf-dist/tex/latex/graphics-def/pdftex.def
File: pdftex.def 2024/04/13 v1.2c Graphics/color driver for pdftex
)
(/usr/local/texlive/2025basic/texmf-dist/tex/latex/graphics/mathcolor.ltx))
(/usr/local/texlive/2025basic/texmf-dist/tex/latex/graphics/graphicx.sty
Package: graphicx 2021/09/16 v1.2d Enhanced LaTeX Graphics (DPC,SPQR)

(/usr/local/texlive/2025basic/texmf-dist/tex/latex/graphics/graphics.sty
Package: graphics 2024/08/06 v1.4g Standard LaTeX Graphics (DPC,SPQR)

(/usr/local/texlive/2025basic/texmf-dist/tex/latex/graphics/trig.sty
Package: trig 2023/12/02 v1.11 sin cos tan (DPC)
)
(/usr/local/texlive/2025basic/texmf-dist/tex/latex/graphics-cfg/graphics.cfg
File: graphics.cfg 2016/06/04 v1.11 sample graphics configuration
)
Package graphics Info: Driver file: pdftex.def on input line 106.
)
\Gin@req@height=\dimen194
\Gin@req@width=\dimen195
) (/usr/local/texlive/2025basic/texmf-dist/tex/latex/microtype/microtype.sty
Package: microtype 2025/02/11 v3.2a Micro-typographical refinements (RS)
\MT@toks=\toks28
\MT@tempbox=\box59
\MT@count=\count350
LaTeX Info: Redefining \noprotrusionifhmode on input line 1087.
LaTeX Info: Redefining \leftprotrusion on input line 1088.
\MT@prot@toks=\toks29
LaTeX Info: Redefining \rightprotrusion on input line 1107.
LaTeX Info: Redefining \textls on input line 1449.
\MT@outer@kern=\dimen196
LaTeX Info: Redefining \microtypecontext on input line 2053.
LaTeX Info: Redefining \textmicrotypecontext on input line 2070.
\MT@listname@count=\count351

(/usr/local/texlive/2025basic/texmf-dist/tex/latex/microtype/microtype-pdftex.d
ef
File: microtype-pdftex.def 2025/02/11 v3.2a Definitions specific to pdftex (RS)

LaTeX Info: Redefining \lsstyle on input line 944.
LaTeX Info: Redefining \lslig on input line 944.
\MT@outer@space=\skip258
)
Package microtype Info: Loading configuration file microtype.cfg.
 (/usr/local/texlive/2025basic/texmf-dist/tex/latex/microtype/microtype.cfg
File: microtype.cfg 2025/02/11 v3.2a microtype main configuration file (RS)
)
LaTeX Info: Redefining \microtypesetup on input line 3065.
) (/usr/local/texlive/2025basic/texmf-dist/tex/latex/pdfpages/pdfpages.sty
Package: pdfpages 2025/01/30 v0.6e Insert pages of external PDF documents (AM)

(/usr/local/texlive/2025basic/texmf-dist/tex/latex/eso-pic/eso-pic.sty
Package: eso-pic 2023/05/03 v3.0c eso-pic (RN)
\ESO@tempdima=\dimen197
\ESO@tempdimb=\dimen198
)
\AM@pagewidth=\dimen199
\AM@pageheight=\dimen256
\AM@fboxrule=\dimen257

(/usr/local/texlive/2025basic/texmf-dist/tex/latex/pdfpages/pppdftex.def
File: pppdftex.def 2025/01/30 v0.6e Pdfpages driver for pdfTeX (AM)
)
\pdfpages@includegraphics@status=\count352
\AM@pagebox=\box60
\AM@global@opts=\toks30
\AM@pagecnt=\count353
\AM@toc@title=\toks31
\AM@lof@heading=\toks32
\c@AM@survey=\count354
\AM@templatesizebox=\box61
)
(/usr/local/texlive/2025basic/texmf-dist/tex/latex/csquotes/csquotes.sty
Package: csquotes 2024-04-04 v5.2o context-sensitive quotations (JAW)
\csq@reset=\count355
\csq@gtype=\count356
\csq@glevel=\count357
\csq@qlevel=\count358
\csq@maxlvl=\count359
\csq@tshold=\count360
\csq@ltx@everypar=\toks33

(/usr/local/texlive/2025basic/texmf-dist/tex/latex/csquotes/csquotes.def
File: csquotes.def 2024-04-04 v5.2o csquotes generic definitions (JAW)
)
Package csquotes Info: Trying to load configuration file 'csquotes.cfg'...
Package csquotes Info: ... configuration file loaded successfully.

(/usr/local/texlive/2025basic/texmf-dist/tex/latex/csquotes/csquotes.cfg
File: csquotes.cfg 
))
(/usr/local/texlive/2025basic/texmf-dist/tex/latex/caption/caption.sty
Package: caption 2023/08/05 v3.6o Customizing captions (AR)

(/usr/local/texlive/2025basic/texmf-dist/tex/latex/caption/caption3.sty
Package: caption3 2023/07/31 v2.4d caption3 kernel (AR)
\caption@tempdima=\dimen258
\captionmargin=\dimen259
\caption@leftmargin=\dimen260
\caption@rightmargin=\dimen261
\caption@width=\dimen262
\caption@indent=\dimen263
\caption@parindent=\dimen264
\caption@hangindent=\dimen265
Package caption Info: memoir document class detected.

(/usr/local/texlive/2025basic/texmf-dist/tex/latex/caption/caption-memoir.sto
File: caption-memoir.sto 2023/09/08 v2.2c Adaption of the caption package to th
e memoir document class (AR)
))
\c@caption@flags=\count361
\c@continuedfloat=\count362
Package caption Info: changepage package is loaded.
\caption@adjustwidth@hsize=\dimen266
\caption@adjustwidth@linewidth=\dimen267
Package caption Info: hyperref package is loaded.
) (/usr/local/texlive/2025basic/texmf-dist/tex/latex/tools/longtable.sty
Package: longtable 2024-10-27 v4.22 Multi-page Table package (DPC)
\LTleft=\skip259
\LTright=\skip260
\LTpre=\skip261
\LTpost=\skip262
\LTchunksize=\count363
\LTcapwidth=\dimen268
\LT@head=\box62
\LT@firsthead=\box63
\LT@foot=\box64
\LT@lastfoot=\box65
\LT@gbox=\box66
\LT@cols=\count364
\LT@rows=\count365
\c@LT@tables=\count366
\c@LT@chunks=\count367
\LT@p@ftn=\toks34
)
(/usr/local/texlive/2025basic/texmf-dist/tex/latex/glossaries-extra/glossaries-
extra.sty
Package: glossaries-extra 2025/05/14 v1.7 (NLCT)

(/usr/local/texlive/2025basic/texmf-dist/tex/latex/xkeyval/xkeyval.sty
Package: xkeyval 2022/06/16 v2.9 package option processing (HA)

(/usr/local/texlive/2025basic/texmf-dist/tex/generic/xkeyval/xkeyval.tex
(/usr/local/texlive/2025basic/texmf-dist/tex/generic/xkeyval/xkvutils.tex
\XKV@toks=\toks35
\XKV@tempa@toks=\toks36
)
\XKV@depth=\count368
File: xkeyval.tex 2014/12/03 v2.7a key=value parser (HA)
))
(/usr/local/texlive/2025basic/texmf-dist/tex/latex/glossaries/base/glossaries.s
ty
Package: glossaries 2025/05/14 v4.7 (NLCT)
 (/usr/local/texlive/2025basic/texmf-dist/tex/latex/mfirstuc/mfirstuc.sty
Package: mfirstuc 2025/04/03 v2.09 (NLCT)
\@glsmfirst=\toks37
\@glsmrest=\toks38
)
(/usr/local/texlive/2025basic/texmf-dist/tex/latex/xfor/xfor.sty
Package: xfor 2009/02/05 v1.05 (NLCT)
)
(/usr/local/texlive/2025basic/texmf-dist/tex/latex/amsmath/amsgen.sty
File: amsgen.sty 1999/11/30 v2.0 generic functions
\@emptytoks=\toks39
\ex@=\dimen269
)
(/usr/local/texlive/2025basic/texmf-dist/tex/latex/tracklang/tracklang.sty
Package: tracklang 2025/03/11 v1.6.6 (NLCT) Track Languages

(/usr/local/texlive/2025basic/texmf-dist/tex/generic/tracklang/tracklang.tex)
Package tracklang Info: Tracking dialect `english' (language `english') on inpu
t line 53.
Package tracklang Info: Tracking dialect `brazil' (language `portuges') on inpu
t line 53.
)
(/usr/local/texlive/2025basic/texmf-dist/tex/latex/glossaries-english/glossarie
s-english.ldf
File: glossaries-english.ldf 2014/11/23 v1.0
)
(/usr/local/texlive/2025basic/texmf-dist/tex/latex/glossaries-portuges/glossari
es-pt-BR.ldf
File: glossaries-pt-BR.ldf 2014/11/23 v1.0

(/usr/local/texlive/2025basic/texmf-dist/tex/latex/glossaries-portuges/glossari
es-portuges-utf8.ldf))
(/usr/local/texlive/2025basic/texmf-dist/tex/latex/datatool/datatool-base.sty
Package: datatool-base 2025/04/25 v3.4.1 (NLCT)

(/usr/local/texlive/2025basic/texmf-dist/tex/latex/amsmath/amsmath.sty
Package: amsmath 2024/11/05 v2.17t AMS math features
\@mathmargin=\skip263

For additional information on amsmath, use the `?' option.
(/usr/local/texlive/2025basic/texmf-dist/tex/latex/amsmath/amstext.sty
Package: amstext 2021/08/26 v2.01 AMS text
)
(/usr/local/texlive/2025basic/texmf-dist/tex/latex/amsmath/amsbsy.sty
Package: amsbsy 1999/11/29 v1.2d Bold Symbols
\pmbraise@=\dimen270
)
(/usr/local/texlive/2025basic/texmf-dist/tex/latex/amsmath/amsopn.sty
Package: amsopn 2022/04/08 v2.04 operator names
)
\inf@bad=\count369
LaTeX Info: Redefining \frac on input line 233.
\uproot@=\count370
\leftroot@=\count371
LaTeX Info: Redefining \overline on input line 398.
LaTeX Info: Redefining \colon on input line 409.
\classnum@=\count372
\DOTSCASE@=\count373
LaTeX Info: Redefining \ldots on input line 495.
LaTeX Info: Redefining \dots on input line 498.
LaTeX Info: Redefining \cdots on input line 619.
\Mathstrutbox@=\box67
\strutbox@=\box68
LaTeX Info: Redefining \big on input line 721.
LaTeX Info: Redefining \Big on input line 722.
LaTeX Info: Redefining \bigg on input line 723.
LaTeX Info: Redefining \Bigg on input line 724.
\big@size=\dimen271
LaTeX Font Info:    Redeclaring font encoding OML on input line 742.
LaTeX Font Info:    Redeclaring font encoding OMS on input line 743.
\macc@depth=\count374
LaTeX Info: Redefining \bmod on input line 904.
LaTeX Info: Redefining \pmod on input line 909.
LaTeX Info: Redefining \smash on input line 939.
LaTeX Info: Redefining \relbar on input line 969.
LaTeX Info: Redefining \Relbar on input line 970.
\c@MaxMatrixCols=\count375
\dotsspace@=\muskip18
\c@parentequation=\count376
\dspbrk@lvl=\count377
\tag@help=\toks40
\row@=\count378
\column@=\count379
\maxfields@=\count380
\andhelp@=\toks41
\eqnshift@=\dimen272
\alignsep@=\dimen273
\tagshift@=\dimen274
\tagwidth@=\dimen275
\totwidth@=\dimen276
\lineht@=\dimen277
\@envbody=\toks42
\multlinegap=\skip264
\multlinetaggap=\skip265
\mathdisplay@stack=\toks43
LaTeX Info: Redefining \[ on input line 2953.
LaTeX Info: Redefining \] on input line 2954.
)
(/usr/local/texlive/2025basic/texmf-dist/tex/latex/datatool/datatool-l3fp.def
File: datatool-l3fp.def 2025/04/25 v3.4.1 (NLCT)
)
\@dtl@toks=\toks44
\@dtl@tmpcount=\count381
\dtl@tmplength=\skip266
\l__datatool_measure_box=\box69
\dtl@sortresult=\count382

(/usr/local/texlive/2025basic/texmf-dist/tex/latex/datatool/datatool-utf8.ldf
File: datatool-utf8.ldf 2025/04/25 v3.4.1 (NLCT)
)
\@dtl@datatype=\count383
\l__datatool_tmpa_int=\count384
\l__datatool_tmpb_int=\count385
\l__datatool_tmpc_int=\count386
\l__datatool_tmpd_int=\count387
\l__datatool_count_int=\count388
\l__datatool_tmp_datatype_int=\count389
\l__datatool_tmpa_dim=\dimen278
\l__datatool_tmpb_dim=\dimen279
\c_datatool_unknown_int=\count390
\l__datatool_year_int=\count391
\l__datatool_month_int=\count392
\l__datatool_day_int=\count393
\l__datatool_hour_int=\count394
\l__datatool_minute_int=\count395
\l__datatool_second_int=\count396
\l__datatool_tzhour_int=\count397
\l__datatool_tzminute_int=\count398
\l__datatool_julian_int=\count399
\l__datatool_local_julian_int=\count400
\l__datatool_prefix_int=\count401
\l__datatool_suffix_int=\count402
\@dtl@foreach@level=\count403

(/usr/local/texlive/2025basic/texmf-dist/tex/latex/datatool-english/datatool-en
glish.ldf
File: datatool-english.ldf 2025/03/12 v1.1 (NLCT)

(/usr/local/texlive/2025basic/texmf-dist/tex/latex/datatool-english/datatool-en
glish-utf8.ldf
File: datatool-english-utf8.ldf 2025/03/12 v1.1 (NLCT)
))

Package tracklang Warning: No `datatool' support for dialect `brazil'  on input
 line 9908.


Package tracklang Warning: No `datatool' support for dialect `brazil'  on input
 line 9908.

\dtl@codeA=\count404
\dtl@codeB=\count405
)
\gls@level=\count406
\@gls@tmpb=\toks45
\gls@tmplen=\skip267
\l__glossaries_tmpa_dim=\dimen280
\l__glossaries_tmpb_dim=\dimen281
\c@glossarysubentry=\count407
\glskeylisttok=\toks46
\glslabeltok=\toks47
\glsshorttok=\toks48
\glslongtok=\toks49

(/usr/local/texlive/2025basic/texmf-dist/tex/latex/glossaries/styles/glossary-h
ypernav.sty
Package: glossary-hypernav 2025/05/14 v4.7 (NLCT)
)
(/usr/local/texlive/2025basic/texmf-dist/tex/latex/glossaries/styles/glossary-l
ist.sty
Package: glossary-list 2025/05/14 v4.7 (NLCT)
\glslistdottedwidth=\skip268
)
(/usr/local/texlive/2025basic/texmf-dist/tex/latex/glossaries/styles/glossary-l
ong.sty
Package: glossary-long 2025/05/14 v4.7 (NLCT)
\glsdescwidth=\skip269
\glspagelistwidth=\skip270
)
(/usr/local/texlive/2025basic/texmf-dist/tex/latex/glossaries/styles/glossary-s
uper.sty
Package: glossary-super 2025/05/14 v4.7 (NLCT)

(/usr/local/texlive/2025basic/texmf-dist/tex/latex/supertabular/supertabular.st
y
Package: supertabular 2024/07/20 v4.2c the supertabular environment
\c@tracingst=\count408
\ST@wd=\dimen282
\ST@rightskip=\skip271
\ST@leftskip=\skip272
\ST@parfillskip=\skip273
\ST@pageleft=\dimen283
\ST@headht=\dimen284
\ST@tailht=\dimen285
\ST@pagesofar=\dimen286
\ST@pboxht=\dimen287
\ST@rowht=\dimen288
\ST@prevht=\dimen289
\ST@toadd=\dimen290
\ST@dimen=\dimen291
\ST@pbox=\box70
))
(/usr/local/texlive/2025basic/texmf-dist/tex/latex/glossaries/styles/glossary-t
ree.sty
Package: glossary-tree 2025/05/14 v4.7 (NLCT)
\l__glossaries_tree_max_known_level_int=\count409
\l__glossaries_tree_offset_dim=\dimen292
\l__glossaries_tree_namewidth_dim=\dimen293
\l__glossaries_tree_symbolwidth_dim=\dimen294
\l__glossaries_tree_prenamesym_width_dim=\dimen295
\l__glossaries_tree_presubnamesym_width_dim=\dimen296
\l__glossaries_tree_namewidth_padding_dim=\dimen297
\l__glossaries_tree_symbolwidth_padding_dim=\dimen298
\l__glossaries_tree_namesymbolwidth_dim=\dimen299
\l__glossaries_tree_namesymbolwidth_padding_dim=\dimen300
\l__glossaries_tree_level_int=\count410
\glstreeindent=\skip274
))
\@glsxtr@leveloffset=\count411
\glsxtrresourcecount=\count412
\@glsxtrnewgls@inner=\count413
\glsshortpltok=\toks50
\glslongpltok=\toks51

(/usr/local/texlive/2025basic/texmf-dist/tex/latex/glossaries-extra/glossaries-
extra-abbrstyles.def
File: glossaries-extra-abbrstyles.def 2025/05/14 v1.7 (NLCT)
)
\mglselementindex=\count414
)
(/usr/local/texlive/2025basic/texmf-dist/tex/latex/amsfonts/amssymb.sty
Package: amssymb 2013/01/14 v3.01 AMS font symbols

(/usr/local/texlive/2025basic/texmf-dist/tex/latex/amsfonts/amsfonts.sty
Package: amsfonts 2013/01/14 v3.01 Basic AMSFonts support
\symAMSa=\mathgroup4
\symAMSb=\mathgroup5
LaTeX Font Info:    Redeclaring math symbol \hbar on input line 98.
LaTeX Font Info:    Overwriting math alphabet `\mathfrak' in version `bold'
(Font)                  U/euf/m/n --> U/euf/b/n on input line 106.
))
(/usr/local/texlive/2025basic/texmf-dist/tex/latex/mathtools/mathtools.sty
Package: mathtools 2024/10/04 v1.31 mathematical typesetting tools

(/usr/local/texlive/2025basic/texmf-dist/tex/latex/mathtools/mhsetup.sty
Package: mhsetup 2021/03/18 v1.4 programming setup (MH)
)
\g_MT_multlinerow_int=\count415
\l_MT_multwidth_dim=\dimen301
\origjot=\skip275
\l_MT_shortvdotswithinadjustabove_dim=\dimen302
\l_MT_shortvdotswithinadjustbelow_dim=\dimen303
\l_MT_above_intertext_sep=\dimen304
\l_MT_below_intertext_sep=\dimen305
\l_MT_above_shortintertext_sep=\dimen306
\l_MT_below_shortintertext_sep=\dimen307
\xmathstrut@box=\box71
\xmathstrut@dim=\dimen308
)
(/usr/local/texlive/2025basic/texmf-dist/tex/latex/was/icomma.sty
Package: icomma 2002/03/10 v2.0 (WaS)
)
(/usr/local/texlive/2025basic/texmf-dist/tex/latex/colortbl/colortbl.sty
Package: colortbl 2024/07/06 v1.0i Color table columns (DPC)
\everycr=\toks52
\minrowclearance=\skip276
\rownum=\count416
)
(/usr/local/texlive/2025basic/texmf-dist/tex/latex/multirow/multirow.sty
Package: multirow 2024/11/12 v2.9 Span multiple rows of a table
\multirow@colwidth=\skip277
\multirow@cntb=\count417
\multirow@dima=\skip278
\bigstrutjot=\dimen309
)
(/usr/local/texlive/2025basic/texmf-dist/tex/latex/xcolor/xcolor.sty
Package: xcolor 2024/09/29 v3.02 LaTeX color extensions (UK)

(/usr/local/texlive/2025basic/texmf-dist/tex/latex/graphics-cfg/color.cfg
File: color.cfg 2016/01/02 v1.6 sample color configuration
)
Package xcolor Info: Driver file: pdftex.def on input line 274.
LaTeX Info: Redefining \color on input line 762.

(/usr/local/texlive/2025basic/texmf-dist/tex/latex/graphics/mathcolor.ltx)
Package xcolor Info: Model `cmy' substituted by `cmy0' on input line 1349.
Package xcolor Info: Model `hsb' substituted by `rgb' on input line 1353.
Package xcolor Info: Model `RGB' extended on input line 1365.
Package xcolor Info: Model `HTML' substituted by `rgb' on input line 1367.
Package xcolor Info: Model `Hsb' substituted by `hsb' on input line 1368.
Package xcolor Info: Model `tHsb' substituted by `hsb' on input line 1369.
Package xcolor Info: Model `HSB' substituted by `hsb' on input line 1370.
Package xcolor Info: Model `Gray' substituted by `gray' on input line 1371.
Package xcolor Info: Model `wave' substituted by `hsb' on input line 1372.
)
(/usr/local/texlive/2025basic/texmf-dist/tex/latex/was/upgreek.sty
Package: upgreek 2003/02/12 v2.0 (WaS)
Package upgreek Info: Using Euler Roman for upright Greek on input line 31.
\symugrf@m=\mathgroup6
LaTeX Font Info:    Overwriting symbol font `ugrf@m' in version `bold'
(Font)                  U/eur/m/n --> U/eur/b/n on input line 38.
)
(/usr/local/texlive/2025basic/texmf-dist/tex/latex/hyphenat/hyphenat.sty
Package: hyphenat 2009/09/02 v2.3c hyphenation utilities
\langwohyphens=\language91
LaTeX Info: Redefining \_ on input line 43.
)
(/usr/local/texlive/2025basic/texmf-dist/tex/latex/quoting/quoting.sty
Package: quoting 2014/01/28 v0.1c Consolidated environment for displayed text
\quo@toppartop=\skip279
)
(/usr/local/texlive/2025basic/texmf-dist/tex/latex/caption/subcaption.sty
Package: subcaption 2023/07/28 v1.6b Sub-captions (AR)
Package caption Info: New subtype `subfigure' on input line 238.
\c@subfigure=\count418
Package caption Info: New subtype `subtable' on input line 238.
\c@subtable=\count419
)
(/usr/local/texlive/2025basic/texmf-dist/tex/latex/mathastext/mathastext.sty
Package: mathastext 2024/10/26 v1.4e Use the text font in math mode (JFB)

Package mathastext Info: Starting the math mode configuration.
\mst@exists@muskip=\muskip19
\mst@forall@muskip=\muskip20
\mst@prime@muskip=\muskip21
\mst@do@nonletters=\toks53
\mst@undo@nonletters=\toks54
\mst@do@easynonletters=\toks55
\mst@undo@easynonletters=\toks56
\symmtoperatorfont=\mathgroup7
\symmtletterfont=\mathgroup8
Now handling font encoding LGR ...
... processing UTF-8 mapping file for font encoding LGR

(/usr/local/texlive/2025basic/texmf-dist/tex/latex/greek-inputenc/lgrenc.dfu
File: lgrenc.dfu 2023-03-21 1.9 UTF-8 support for Greek
   defining Unicode char U+00A8 (decimal 168)
   defining Unicode char U+00AB (decimal 171)
   defining Unicode char U+00AF (decimal 175)
   defining Unicode char U+00B4 (decimal 180)
   defining Unicode char U+00B7 (decimal 183)
   defining Unicode char U+00BB (decimal 187)
   defining Unicode char U+0259 (decimal 601)
   defining Unicode char U+02D8 (decimal 728)
   defining Unicode char U+0374 (decimal 884)
   defining Unicode char U+0375 (decimal 885)
   defining Unicode char U+037A (decimal 890)
   defining Unicode char U+037E (decimal 894)
   defining Unicode char U+0384 (decimal 900)
   defining Unicode char U+0385 (decimal 901)
   defining Unicode char U+0386 (decimal 902)
   defining Unicode char U+0387 (decimal 903)
   defining Unicode char U+0388 (decimal 904)
   defining Unicode char U+0389 (decimal 905)
   defining Unicode char U+038A (decimal 906)
   defining Unicode char U+038C (decimal 908)
   defining Unicode char U+038E (decimal 910)
   defining Unicode char U+038F (decimal 911)
   defining Unicode char U+0390 (decimal 912)
   defining Unicode char U+0391 (decimal 913)
   defining Unicode char U+0392 (decimal 914)
   defining Unicode char U+0393 (decimal 915)
   defining Unicode char U+0394 (decimal 916)
   defining Unicode char U+0395 (decimal 917)
   defining Unicode char U+0396 (decimal 918)
   defining Unicode char U+0397 (decimal 919)
   defining Unicode char U+0398 (decimal 920)
   defining Unicode char U+0399 (decimal 921)
   defining Unicode char U+039A (decimal 922)
   defining Unicode char U+039B (decimal 923)
   defining Unicode char U+039C (decimal 924)
   defining Unicode char U+039D (decimal 925)
   defining Unicode char U+039E (decimal 926)
   defining Unicode char U+039F (decimal 927)
   defining Unicode char U+03A0 (decimal 928)
   defining Unicode char U+03A1 (decimal 929)
   defining Unicode char U+03A3 (decimal 931)
   defining Unicode char U+03A4 (decimal 932)
   defining Unicode char U+03A5 (decimal 933)
   defining Unicode char U+03A6 (decimal 934)
   defining Unicode char U+03A7 (decimal 935)
   defining Unicode char U+03A8 (decimal 936)
   defining Unicode char U+03A9 (decimal 937)
   defining Unicode char U+03AA (decimal 938)
   defining Unicode char U+03AB (decimal 939)
   defining Unicode char U+03AC (decimal 940)
   defining Unicode char U+03AD (decimal 941)
   defining Unicode char U+03AE (decimal 942)
   defining Unicode char U+03AF (decimal 943)
   defining Unicode char U+03B0 (decimal 944)
   defining Unicode char U+03B1 (decimal 945)
   defining Unicode char U+03B2 (decimal 946)
   defining Unicode char U+03B3 (decimal 947)
   defining Unicode char U+03B4 (decimal 948)
   defining Unicode char U+03B5 (decimal 949)
   defining Unicode char U+03B6 (decimal 950)
   defining Unicode char U+03B7 (decimal 951)
   defining Unicode char U+03B8 (decimal 952)
   defining Unicode char U+03B9 (decimal 953)
   defining Unicode char U+03BA (decimal 954)
   defining Unicode char U+03BB (decimal 955)
   defining Unicode char U+03BC (decimal 956)
   defining Unicode char U+03BD (decimal 957)
   defining Unicode char U+03BE (decimal 958)
   defining Unicode char U+03BF (decimal 959)
   defining Unicode char U+03C0 (decimal 960)
   defining Unicode char U+03C1 (decimal 961)
   defining Unicode char U+03C2 (decimal 962)
   defining Unicode char U+03C3 (decimal 963)
   defining Unicode char U+03C4 (decimal 964)
   defining Unicode char U+03C5 (decimal 965)
   defining Unicode char U+03C6 (decimal 966)
   defining Unicode char U+03C7 (decimal 967)
   defining Unicode char U+03C8 (decimal 968)
   defining Unicode char U+03C9 (decimal 969)
   defining Unicode char U+03CA (decimal 970)
   defining Unicode char U+03CB (decimal 971)
   defining Unicode char U+03CC (decimal 972)
   defining Unicode char U+03CD (decimal 973)
   defining Unicode char U+03CE (decimal 974)
   defining Unicode char U+03D0 (decimal 976)
   defining Unicode char U+03D1 (decimal 977)
   defining Unicode char U+03D5 (decimal 981)
   defining Unicode char U+03D6 (decimal 982)
   defining Unicode char U+03D8 (decimal 984)
   defining Unicode char U+03D9 (decimal 985)
   defining Unicode char U+03DA (decimal 986)
   defining Unicode char U+03DB (decimal 987)
   defining Unicode char U+03DC (decimal 988)
   defining Unicode char U+03DD (decimal 989)
   defining Unicode char U+03DE (decimal 990)
   defining Unicode char U+03DF (decimal 991)
   defining Unicode char U+03E0 (decimal 992)
   defining Unicode char U+03E1 (decimal 993)
   defining Unicode char U+03F0 (decimal 1008)
   defining Unicode char U+03F1 (decimal 1009)
   defining Unicode char U+03F4 (decimal 1012)
   defining Unicode char U+03F5 (decimal 1013)
   defining Unicode char U+1F00 (decimal 7936)
   defining Unicode char U+1F01 (decimal 7937)
   defining Unicode char U+1F02 (decimal 7938)
   defining Unicode char U+1F03 (decimal 7939)
   defining Unicode char U+1F04 (decimal 7940)
   defining Unicode char U+1F05 (decimal 7941)
   defining Unicode char U+1F06 (decimal 7942)
   defining Unicode char U+1F07 (decimal 7943)
   defining Unicode char U+1F08 (decimal 7944)
   defining Unicode char U+1F09 (decimal 7945)
   defining Unicode char U+1F0A (decimal 7946)
   defining Unicode char U+1F0B (decimal 7947)
   defining Unicode char U+1F0C (decimal 7948)
   defining Unicode char U+1F0D (decimal 7949)
   defining Unicode char U+1F0E (decimal 7950)
   defining Unicode char U+1F0F (decimal 7951)
   defining Unicode char U+1F10 (decimal 7952)
   defining Unicode char U+1F11 (decimal 7953)
   defining Unicode char U+1F12 (decimal 7954)
   defining Unicode char U+1F13 (decimal 7955)
   defining Unicode char U+1F14 (decimal 7956)
   defining Unicode char U+1F15 (decimal 7957)
   defining Unicode char U+1F18 (decimal 7960)
   defining Unicode char U+1F19 (decimal 7961)
   defining Unicode char U+1F1A (decimal 7962)
   defining Unicode char U+1F1B (decimal 7963)
   defining Unicode char U+1F1C (decimal 7964)
   defining Unicode char U+1F1D (decimal 7965)
   defining Unicode char U+1F20 (decimal 7968)
   defining Unicode char U+1F21 (decimal 7969)
   defining Unicode char U+1F22 (decimal 7970)
   defining Unicode char U+1F23 (decimal 7971)
   defining Unicode char U+1F24 (decimal 7972)
   defining Unicode char U+1F25 (decimal 7973)
   defining Unicode char U+1F26 (decimal 7974)
   defining Unicode char U+1F27 (decimal 7975)
   defining Unicode char U+1F28 (decimal 7976)
   defining Unicode char U+1F29 (decimal 7977)
   defining Unicode char U+1F2A (decimal 7978)
   defining Unicode char U+1F2B (decimal 7979)
   defining Unicode char U+1F2C (decimal 7980)
   defining Unicode char U+1F2D (decimal 7981)
   defining Unicode char U+1F2E (decimal 7982)
   defining Unicode char U+1F2F (decimal 7983)
   defining Unicode char U+1F30 (decimal 7984)
   defining Unicode char U+1F31 (decimal 7985)
   defining Unicode char U+1F32 (decimal 7986)
   defining Unicode char U+1F33 (decimal 7987)
   defining Unicode char U+1F34 (decimal 7988)
   defining Unicode char U+1F35 (decimal 7989)
   defining Unicode char U+1F36 (decimal 7990)
   defining Unicode char U+1F37 (decimal 7991)
   defining Unicode char U+1F38 (decimal 7992)
   defining Unicode char U+1F39 (decimal 7993)
   defining Unicode char U+1F3A (decimal 7994)
   defining Unicode char U+1F3B (decimal 7995)
   defining Unicode char U+1F3C (decimal 7996)
   defining Unicode char U+1F3D (decimal 7997)
   defining Unicode char U+1F3E (decimal 7998)
   defining Unicode char U+1F3F (decimal 7999)
   defining Unicode char U+1F40 (decimal 8000)
   defining Unicode char U+1F41 (decimal 8001)
   defining Unicode char U+1F42 (decimal 8002)
   defining Unicode char U+1F43 (decimal 8003)
   defining Unicode char U+1F44 (decimal 8004)
   defining Unicode char U+1F45 (decimal 8005)
   defining Unicode char U+1F48 (decimal 8008)
   defining Unicode char U+1F49 (decimal 8009)
   defining Unicode char U+1F4A (decimal 8010)
   defining Unicode char U+1F4B (decimal 8011)
   defining Unicode char U+1F4C (decimal 8012)
   defining Unicode char U+1F4D (decimal 8013)
   defining Unicode char U+1F50 (decimal 8016)
   defining Unicode char U+1F51 (decimal 8017)
   defining Unicode char U+1F52 (decimal 8018)
   defining Unicode char U+1F53 (decimal 8019)
   defining Unicode char U+1F54 (decimal 8020)
   defining Unicode char U+1F55 (decimal 8021)
   defining Unicode char U+1F56 (decimal 8022)
   defining Unicode char U+1F57 (decimal 8023)
   defining Unicode char U+1F59 (decimal 8025)
   defining Unicode char U+1F5B (decimal 8027)
   defining Unicode char U+1F5D (decimal 8029)
   defining Unicode char U+1F5F (decimal 8031)
   defining Unicode char U+1F60 (decimal 8032)
   defining Unicode char U+1F61 (decimal 8033)
   defining Unicode char U+1F62 (decimal 8034)
   defining Unicode char U+1F63 (decimal 8035)
   defining Unicode char U+1F64 (decimal 8036)
   defining Unicode char U+1F65 (decimal 8037)
   defining Unicode char U+1F66 (decimal 8038)
   defining Unicode char U+1F67 (decimal 8039)
   defining Unicode char U+1F68 (decimal 8040)
   defining Unicode char U+1F69 (decimal 8041)
   defining Unicode char U+1F6A (decimal 8042)
   defining Unicode char U+1F6B (decimal 8043)
   defining Unicode char U+1F6C (decimal 8044)
   defining Unicode char U+1F6D (decimal 8045)
   defining Unicode char U+1F6E (decimal 8046)
   defining Unicode char U+1F6F (decimal 8047)
   defining Unicode char U+1F70 (decimal 8048)
   defining Unicode char U+1F71 (decimal 8049)
   defining Unicode char U+1F72 (decimal 8050)
   defining Unicode char U+1F73 (decimal 8051)
   defining Unicode char U+1F74 (decimal 8052)
   defining Unicode char U+1F75 (decimal 8053)
   defining Unicode char U+1F76 (decimal 8054)
   defining Unicode char U+1F77 (decimal 8055)
   defining Unicode char U+1F78 (decimal 8056)
   defining Unicode char U+1F79 (decimal 8057)
   defining Unicode char U+1F7A (decimal 8058)
   defining Unicode char U+1F7B (decimal 8059)
   defining Unicode char U+1F7C (decimal 8060)
   defining Unicode char U+1F7D (decimal 8061)
   defining Unicode char U+1F80 (decimal 8064)
   defining Unicode char U+1F81 (decimal 8065)
   defining Unicode char U+1F82 (decimal 8066)
   defining Unicode char U+1F83 (decimal 8067)
   defining Unicode char U+1F84 (decimal 8068)
   defining Unicode char U+1F85 (decimal 8069)
   defining Unicode char U+1F86 (decimal 8070)
   defining Unicode char U+1F87 (decimal 8071)
   defining Unicode char U+1F88 (decimal 8072)
   defining Unicode char U+1F89 (decimal 8073)
   defining Unicode char U+1F8A (decimal 8074)
   defining Unicode char U+1F8B (decimal 8075)
   defining Unicode char U+1F8C (decimal 8076)
   defining Unicode char U+1F8D (decimal 8077)
   defining Unicode char U+1F8E (decimal 8078)
   defining Unicode char U+1F8F (decimal 8079)
   defining Unicode char U+1F90 (decimal 8080)
   defining Unicode char U+1F91 (decimal 8081)
   defining Unicode char U+1F92 (decimal 8082)
   defining Unicode char U+1F93 (decimal 8083)
   defining Unicode char U+1F94 (decimal 8084)
   defining Unicode char U+1F95 (decimal 8085)
   defining Unicode char U+1F96 (decimal 8086)
   defining Unicode char U+1F97 (decimal 8087)
   defining Unicode char U+1F98 (decimal 8088)
   defining Unicode char U+1F99 (decimal 8089)
   defining Unicode char U+1F9A (decimal 8090)
   defining Unicode char U+1F9B (decimal 8091)
   defining Unicode char U+1F9C (decimal 8092)
   defining Unicode char U+1F9D (decimal 8093)
   defining Unicode char U+1F9E (decimal 8094)
   defining Unicode char U+1F9F (decimal 8095)
   defining Unicode char U+1FA0 (decimal 8096)
   defining Unicode char U+1FA1 (decimal 8097)
   defining Unicode char U+1FA2 (decimal 8098)
   defining Unicode char U+1FA3 (decimal 8099)
   defining Unicode char U+1FA4 (decimal 8100)
   defining Unicode char U+1FA5 (decimal 8101)
   defining Unicode char U+1FA6 (decimal 8102)
   defining Unicode char U+1FA7 (decimal 8103)
   defining Unicode char U+1FA8 (decimal 8104)
   defining Unicode char U+1FA9 (decimal 8105)
   defining Unicode char U+1FAA (decimal 8106)
   defining Unicode char U+1FAB (decimal 8107)
   defining Unicode char U+1FAC (decimal 8108)
   defining Unicode char U+1FAD (decimal 8109)
   defining Unicode char U+1FAE (decimal 8110)
   defining Unicode char U+1FAF (decimal 8111)
   defining Unicode char U+1FB0 (decimal 8112)
   defining Unicode char U+1FB1 (decimal 8113)
   defining Unicode char U+1FB2 (decimal 8114)
   defining Unicode char U+1FB3 (decimal 8115)
   defining Unicode char U+1FB4 (decimal 8116)
   defining Unicode char U+1FB6 (decimal 8118)
   defining Unicode char U+1FB7 (decimal 8119)
   defining Unicode char U+1FB8 (decimal 8120)
   defining Unicode char U+1FB9 (decimal 8121)
   defining Unicode char U+1FBA (decimal 8122)
   defining Unicode char U+1FBB (decimal 8123)
   defining Unicode char U+1FBC (decimal 8124)
   defining Unicode char U+1FBD (decimal 8125)
   defining Unicode char U+1FBE (decimal 8126)
   defining Unicode char U+1FBF (decimal 8127)
   defining Unicode char U+1FC0 (decimal 8128)
   defining Unicode char U+1FC1 (decimal 8129)
   defining Unicode char U+1FC2 (decimal 8130)
   defining Unicode char U+1FC3 (decimal 8131)
   defining Unicode char U+1FC4 (decimal 8132)
   defining Unicode char U+1FC6 (decimal 8134)
   defining Unicode char U+1FC7 (decimal 8135)
   defining Unicode char U+1FC8 (decimal 8136)
   defining Unicode char U+1FC9 (decimal 8137)
   defining Unicode char U+1FCA (decimal 8138)
   defining Unicode char U+1FCB (decimal 8139)
   defining Unicode char U+1FCC (decimal 8140)
   defining Unicode char U+1FCD (decimal 8141)
   defining Unicode char U+1FCE (decimal 8142)
   defining Unicode char U+1FCF (decimal 8143)
   defining Unicode char U+1FD0 (decimal 8144)
   defining Unicode char U+1FD1 (decimal 8145)
   defining Unicode char U+1FD2 (decimal 8146)
   defining Unicode char U+1FD3 (decimal 8147)
   defining Unicode char U+1FD6 (decimal 8150)
   defining Unicode char U+1FD7 (decimal 8151)
   defining Unicode char U+1FD8 (decimal 8152)
   defining Unicode char U+1FD9 (decimal 8153)
   defining Unicode char U+1FDA (decimal 8154)
   defining Unicode char U+1FDB (decimal 8155)
   defining Unicode char U+1FDD (decimal 8157)
   defining Unicode char U+1FDE (decimal 8158)
   defining Unicode char U+1FDF (decimal 8159)
   defining Unicode char U+1FE0 (decimal 8160)
   defining Unicode char U+1FE1 (decimal 8161)
   defining Unicode char U+1FE2 (decimal 8162)
   defining Unicode char U+1FE3 (decimal 8163)
   defining Unicode char U+1FE4 (decimal 8164)
   defining Unicode char U+1FE5 (decimal 8165)
   defining Unicode char U+1FE6 (decimal 8166)
   defining Unicode char U+1FE7 (decimal 8167)
   defining Unicode char U+1FE8 (decimal 8168)
   defining Unicode char U+1FE9 (decimal 8169)
   defining Unicode char U+1FEA (decimal 8170)
   defining Unicode char U+1FEB (decimal 8171)
   defining Unicode char U+1FEC (decimal 8172)
   defining Unicode char U+1FED (decimal 8173)
   defining Unicode char U+1FEE (decimal 8174)
   defining Unicode char U+1FEF (decimal 8175)
   defining Unicode char U+1FF2 (decimal 8178)
   defining Unicode char U+1FF3 (decimal 8179)
   defining Unicode char U+1FF4 (decimal 8180)
   defining Unicode char U+1FF6 (decimal 8182)
   defining Unicode char U+1FF7 (decimal 8183)
   defining Unicode char U+1FF8 (decimal 8184)
   defining Unicode char U+1FF9 (decimal 8185)
   defining Unicode char U+1FFA (decimal 8186)
   defining Unicode char U+1FFB (decimal 8187)
   defining Unicode char U+1FFC (decimal 8188)
   defining Unicode char U+1FFD (decimal 8189)
   defining Unicode char U+1FFE (decimal 8190)
   defining Unicode char U+2013 (decimal 8211)
   defining Unicode char U+2014 (decimal 8212)
   defining Unicode char U+2018 (decimal 8216)
   defining Unicode char U+2019 (decimal 8217)
   defining Unicode char U+201A (decimal 8218)
   defining Unicode char U+2030 (decimal 8240)
   defining Unicode char U+2039 (decimal 8249)
   defining Unicode char U+203A (decimal 8250)
   defining Unicode char U+20AC (decimal 8364)
   defining Unicode char U+2126 (decimal 8486)
   defining Unicode char U+10144 (decimal 65860)
   defining Unicode char U+10145 (decimal 65861)
   defining Unicode char U+10146 (decimal 65862)
   defining Unicode char U+10147 (decimal 65863)
)
\symmtgreekup=\mathgroup9
\symmtgreekit=\mathgroup10
(   mathastext:   ) ! and ?
(   mathastext:   ) punctuation: , . : ; and \colon
LaTeX Info: Redefining \relbar on input line 1197.
LaTeX Info: Redefining \rightarrowfill on input line 1198.
LaTeX Info: Redefining \leftarrowfill on input line 1201.
(   mathastext:   ) + and =
LaTeX Info: Redefining \Relbar on input line 1344.
(   mathastext:   ) adding = ; and + to \nfss@catcodes
(   mathastext:   ) parentheses ( ) [ ] and slash /
(   mathastext:   ) alldelims: < > \backslash \setminus | \vert \mid \{ \}
LaTeX Font Info:    Redeclaring math symbol \setminus on input line 1410.
LaTeX Info: Redefining \models on input line 1429.
(   mathastext:   ) \# \mathdollar \% \& 
(   mathastext:   ) \imath and \jmath 
LaTeX Font Info:    Overwriting math alphabet `\Mathnormalbold' in version `nor
mal'
(Font)                  T1/epigrafica/b/it --> T1/epigrafica/b/it on input line
 2934.
LaTeX Font Info:    Overwriting math alphabet `\Mathnormalbold' in version `bol
d'
(Font)                  T1/epigrafica/b/it --> T1/epigrafica/b/it on input line
 2934.
LaTeX Font Info:    Overwriting symbol font `mtletterfont' in version `normal'
(Font)                  T1/epigrafica/m/it --> T1/epigrafica/m/it on input line
 2934.
LaTeX Font Info:    Overwriting symbol font `mtletterfont' in version `bold'
(Font)                  T1/epigrafica/m/it --> T1/epigrafica/b/it on input line
 2934.
LaTeX Font Info:    Overwriting symbol font `mtoperatorfont' in version `normal
'
(Font)                  T1/epigrafica/m/n --> T1/epigrafica/m/n on input line 2
934.
LaTeX Font Info:    Overwriting symbol font `mtoperatorfont' in version `bold'
(Font)                  T1/epigrafica/m/n --> T1/epigrafica/b/n on input line 2
934.
LaTeX Font Info:    Overwriting math alphabet `\Mathbf' in version `normal'
(Font)                  T1/epigrafica/b/n --> T1/epigrafica/b/n on input line 2
934.
LaTeX Font Info:    Overwriting math alphabet `\Mathbf' in version `bold'
(Font)                  T1/epigrafica/b/n --> T1/epigrafica/b/n on input line 2
934.
LaTeX Font Info:    Overwriting math alphabet `\Mathit' in version `normal'
(Font)                  T1/epigrafica/m/it --> T1/epigrafica/m/it on input line
 2934.
LaTeX Font Info:    Overwriting math alphabet `\Mathit' in version `bold'
(Font)                  T1/epigrafica/m/it --> T1/epigrafica/b/it on input line
 2934.
LaTeX Font Info:    Overwriting math alphabet `\Mathsf' in version `normal'
(Font)                  T1/phv/m/n --> T1/phv/m/n on input line 2934.
LaTeX Font Info:    Overwriting math alphabet `\Mathsf' in version `bold'
(Font)                  T1/phv/m/n --> T1/phv/b/n on input line 2934.
LaTeX Font Info:    Overwriting math alphabet `\Mathtt' in version `normal'
(Font)                  T1/cmtt/m/n --> T1/cmtt/m/n on input line 2934.
LaTeX Font Info:    Overwriting math alphabet `\Mathtt' in version `bold'
(Font)                  T1/cmtt/m/n --> T1/cmtt/b/n on input line 2934.
LaTeX Font Info:    Overwriting symbol font `mtgreekup' in version `normal'
(Font)                  LGR/epigrafica/m/n --> LGR/epigrafica/m/n on input line
 2934.
LaTeX Font Info:    Overwriting symbol font `mtgreekup' in version `bold'
(Font)                  LGR/epigrafica/m/n --> LGR/epigrafica/b/n on input line
 2934.
LaTeX Font Info:    Overwriting symbol font `mtgreekit' in version `normal'
(Font)                  LGR/epigrafica/m/it --> LGR/epigrafica/m/it on input li
ne 2934.
LaTeX Font Info:    Overwriting symbol font `mtgreekit' in version `bold'
(Font)                  LGR/epigrafica/m/it --> LGR/epigrafica/b/it on input li
ne 2934.
LaTeX Font Info:    Overwriting math alphabet `\mathgreekupbold' in version `no
rmal'
(Font)                  LGR/epigrafica/b/n --> LGR/epigrafica/b/n on input line
 2934.
LaTeX Font Info:    Overwriting math alphabet `\mathgreekupbold' in version `bo
ld'
(Font)                  LGR/epigrafica/b/n --> LGR/epigrafica/b/n on input line
 2934.
LaTeX Font Info:    Overwriting math alphabet `\mathgreekitbold' in version `no
rmal'
(Font)                  LGR/epigrafica/b/it --> LGR/epigrafica/b/it on input li
ne 2934.
LaTeX Font Info:    Overwriting math alphabet `\mathgreekitbold' in version `bo
ld'
(Font)                  LGR/epigrafica/b/it --> LGR/epigrafica/b/it on input li
ne 2934.
(   mathastext:   ) Latin letters in the `normal', resp. `bold',
(   mathastext:   ) math versions are now set up to use the fonts
(   mathastext:   ) T1/epigrafica/m/it, resp. T1/epigrafica/b/it.
(   mathastext:   ) Greek letters (upper: `it', lower: `it') will use font
(   mathastext:   ) family `epigrafica' (LGR).
(   mathastext:   ) Other characters (digits, ...) and \log-like names will be
(   mathastext:   ) typeset with the n shape.
(   mathastext:   ) \hbar
(   mathastext:   ) minus either as endash, Unicode minus, emdash or hyphen
(   mathastext:   ) The italic option is in effect.

Package mathastext Info: Loading is complete.  You can now use \Mathastext to
(mathastext)             modify the normal and bold math versions.  Use it
(mathastext)             with optional argument or use \MTDeclareVersion to
(mathastext)             declare additional math versions.
)
LaTeX Font Info:    Overwriting math alphabet `\Mathnormalbold' in version `nor
mal'
(Font)                  T1/epigrafica/b/it --> T1/phv/b/it on input line 129.
LaTeX Font Info:    Overwriting math alphabet `\Mathnormalbold' in version `bol
d'
(Font)                  T1/epigrafica/b/it --> T1/phv/b/it on input line 129.
LaTeX Font Info:    Overwriting symbol font `mtletterfont' in version `normal'
(Font)                  T1/epigrafica/m/it --> T1/phv/m/it on input line 129.
LaTeX Font Info:    Overwriting symbol font `mtletterfont' in version `bold'
(Font)                  T1/epigrafica/b/it --> T1/phv/b/it on input line 129.
LaTeX Font Info:    Overwriting symbol font `mtoperatorfont' in version `normal
'
(Font)                  T1/epigrafica/m/n --> T1/phv/m/n on input line 129.
LaTeX Font Info:    Overwriting symbol font `mtoperatorfont' in version `bold'
(Font)                  T1/epigrafica/b/n --> T1/phv/b/n on input line 129.
LaTeX Font Info:    Overwriting math alphabet `\Mathbf' in version `normal'
(Font)                  T1/epigrafica/b/n --> T1/phv/b/n on input line 129.
LaTeX Font Info:    Overwriting math alphabet `\Mathbf' in version `bold'
(Font)                  T1/epigrafica/b/n --> T1/phv/b/n on input line 129.
LaTeX Font Info:    Overwriting math alphabet `\Mathit' in version `normal'
(Font)                  T1/epigrafica/m/it --> T1/phv/m/it on input line 129.
LaTeX Font Info:    Overwriting math alphabet `\Mathit' in version `bold'
(Font)                  T1/epigrafica/b/it --> T1/phv/b/it on input line 129.
LaTeX Font Info:    Overwriting math alphabet `\Mathsf' in version `normal'
(Font)                  T1/phv/m/n --> T1/phv/m/n on input line 129.
LaTeX Font Info:    Overwriting math alphabet `\Mathsf' in version `bold'
(Font)                  T1/phv/b/n --> T1/phv/b/n on input line 129.
LaTeX Font Info:    Overwriting math alphabet `\Mathtt' in version `normal'
(Font)                  T1/cmtt/m/n --> T1/cmtt/m/n on input line 129.
LaTeX Font Info:    Overwriting math alphabet `\Mathtt' in version `bold'
(Font)                  T1/cmtt/b/n --> T1/cmtt/b/n on input line 129.
LaTeX Font Info:    Overwriting symbol font `mtgreekup' in version `normal'
(Font)                  LGR/epigrafica/m/n --> LGR/epigrafica/m/n on input line
 129.
LaTeX Font Info:    Overwriting symbol font `mtgreekup' in version `bold'
(Font)                  LGR/epigrafica/b/n --> LGR/epigrafica/b/n on input line
 129.
LaTeX Font Info:    Overwriting symbol font `mtgreekit' in version `normal'
(Font)                  LGR/epigrafica/m/it --> LGR/epigrafica/m/it on input li
ne 129.
LaTeX Font Info:    Overwriting symbol font `mtgreekit' in version `bold'
(Font)                  LGR/epigrafica/b/it --> LGR/epigrafica/b/it on input li
ne 129.
LaTeX Font Info:    Overwriting math alphabet `\mathgreekupbold' in version `no
rmal'
(Font)                  LGR/epigrafica/b/n --> LGR/epigrafica/b/n on input line
 129.
LaTeX Font Info:    Overwriting math alphabet `\mathgreekupbold' in version `bo
ld'
(Font)                  LGR/epigrafica/b/n --> LGR/epigrafica/b/n on input line
 129.
LaTeX Font Info:    Overwriting math alphabet `\mathgreekitbold' in version `no
rmal'
(Font)                  LGR/epigrafica/b/it --> LGR/epigrafica/b/it on input li
ne 129.
LaTeX Font Info:    Overwriting math alphabet `\mathgreekitbold' in version `bo
ld'
(Font)                  LGR/epigrafica/b/it --> LGR/epigrafica/b/it on input li
ne 129.
(   mathastext:   ) Latin letters in the `normal', resp. `bold',
(   mathastext:   ) math versions are now set up to use the fonts
(   mathastext:   ) T1/phv/m/it, resp. T1/phv/b/it.
(   mathastext:   ) Greek letters (upper: `it', lower: `it') will use font
(   mathastext:   ) family `epigrafica' (LGR).
(   mathastext:   ) Other characters (digits, ...) and \log-like names will be
(   mathastext:   ) typeset with the n shape.
(   mathastext:   ) \hbar
LaTeX Font Info:    Redeclaring math symbol \inodot on input line 129.
LaTeX Font Info:    Redeclaring math symbol \jnodot on input line 129.
(   mathastext:   ) minus either as endash, Unicode minus, emdash or hyphen
LaTeX Font Info:    Redeclaring math symbol \mst@minus@mvnormal on input line 1
29.
LaTeX Font Info:    Redeclaring math symbol \mst@varfam@minus@mvnormal on input
 line 129.
LaTeX Font Info:    Redeclaring math symbol \mst@minus@mvbold on input line 129
.
LaTeX Font Info:    Redeclaring math symbol \mst@varfam@minus@mvbold on input l
ine 129.
(   mathastext:   ) The italic option is in effect.

(/usr/local/texlive/2025basic/texmf-dist/tex/latex/tools/bm.sty
Package: bm 2023/12/19 v1.2f Bold Symbol Support (DPC/FMi)
\symboldoperators=\mathgroup11
\symboldletters=\mathgroup12
\symboldsymbols=\mathgroup13
Package bm Info: No bold for \OMX/cmex/m/n, using \pmb.
Package bm Info: No bold for \U/msa/m/n, using \pmb.
Package bm Info: No bold for \U/msb/m/n, using \pmb.
\symboldugrf@m=\mathgroup14
LaTeX Font Info:    Redeclaring math alphabet \mathbf on input line 149.
)
(/usr/local/texlive/2025basic/texmf-dist/tex/latex/biblatex/biblatex.sty
Package: biblatex 2024/03/21 v3.20 programmable bibliographies (PK/MW)

(/usr/local/texlive/2025basic/texmf-dist/tex/latex/logreq/logreq.sty
Package: logreq 2010/08/04 v1.0 xml request logger
\lrq@indent=\count420

(/usr/local/texlive/2025basic/texmf-dist/tex/latex/logreq/logreq.def
File: logreq.def 2010/08/04 v1.0 logreq spec v1.0
))
\c@tabx@nest=\count421
\c@listtotal=\count422
\c@listcount=\count423
\c@liststart=\count424
\c@liststop=\count425
\c@citecount=\count426
\c@citetotal=\count427
\c@multicitecount=\count428
\c@multicitetotal=\count429
\c@instcount=\count430
\c@maxnames=\count431
\c@minnames=\count432
\c@maxitems=\count433
\c@minitems=\count434
\c@citecounter=\count435
\c@maxcitecounter=\count436
\c@savedcitecounter=\count437
\c@uniquelist=\count438
\c@uniquename=\count439
\c@refsection=\count440
\c@refsegment=\count441
\c@maxextratitle=\count442
\c@maxextratitleyear=\count443
\c@maxextraname=\count444
\c@maxextradate=\count445
\c@maxextraalpha=\count446
\c@abbrvpenalty=\count447
\c@highnamepenalty=\count448
\c@lownamepenalty=\count449
\c@maxparens=\count450
\c@parenlevel=\count451
\blx@tempcnta=\count452
\blx@tempcntb=\count453
\blx@tempcntc=\count454
\c@blx@maxsection=\count455
\blx@maxsegment@0=\count456
\blx@notetype=\count457
\blx@parenlevel@text=\count458
\blx@parenlevel@foot=\count459
\blx@sectionciteorder@0=\count460
\blx@sectionciteorderinternal@0=\count461
\blx@entrysetcounter=\count462
\blx@biblioinstance=\count463
\labelnumberwidth=\skip280
\labelalphawidth=\skip281
\biblabelsep=\skip282
\bibnamesep=\skip283
\bibinitsep=\skip284
\bibparsep=\skip285
\bibhang=\skip286
\blx@bcfin=\read4
\blx@bcfout=\write4
\blx@langwohyphens=\language92
\c@mincomprange=\count464
\c@maxcomprange=\count465
\c@mincompwidth=\count466
Package biblatex Info: Trying to load biblatex default data model...
Package biblatex Info: ... file 'blx-dm.def' found.

(/usr/local/texlive/2025basic/texmf-dist/tex/latex/biblatex/blx-dm.def
File: blx-dm.def 2024/03/21 v3.20 biblatex datamodel (PK/MW)
)
Package biblatex Info: Trying to load biblatex style data model...
Package biblatex Info: ... file 'abnt.dbx' not found.
Package biblatex Info: Trying to load biblatex custom data model...
Package biblatex Info: ... file 'biblatex-dm.cfg' not found.
\c@afterword=\count467
\c@savedafterword=\count468
\c@annotator=\count469
\c@savedannotator=\count470
\c@author=\count471
\c@savedauthor=\count472
\c@bookauthor=\count473
\c@savedbookauthor=\count474
\c@commentator=\count475
\c@savedcommentator=\count476
\c@editor=\count477
\c@savededitor=\count478
\c@editora=\count479
\c@savededitora=\count480
\c@editorb=\count481
\c@savededitorb=\count482
\c@editorc=\count483
\c@savededitorc=\count484
\c@foreword=\count485
\c@savedforeword=\count486
\c@holder=\count487
\c@savedholder=\count488
\c@introduction=\count489
\c@savedintroduction=\count490
\c@namea=\count491
\c@savednamea=\count492
\c@nameb=\count493
\c@savednameb=\count494
\c@namec=\count495
\c@savednamec=\count496
\c@translator=\count497
\c@savedtranslator=\count498
\c@shortauthor=\count499
\c@savedshortauthor=\count500
\c@shorteditor=\count501
\c@savedshorteditor=\count502
\c@labelname=\count503
\c@savedlabelname=\count504
\c@institution=\count505
\c@savedinstitution=\count506
\c@lista=\count507
\c@savedlista=\count508
\c@listb=\count509
\c@savedlistb=\count510
\c@listc=\count511
\c@savedlistc=\count512
\c@listd=\count513
\c@savedlistd=\count514
\c@liste=\count515
\c@savedliste=\count516
\c@listf=\count517
\c@savedlistf=\count518
\c@location=\count519
\c@savedlocation=\count520
\c@organization=\count521
\c@savedorganization=\count522
\c@origlocation=\count523
\c@savedoriglocation=\count524
\c@origpublisher=\count525
\c@savedorigpublisher=\count526
\c@publisher=\count527
\c@savedpublisher=\count528
\c@language=\count529
\c@savedlanguage=\count530
\c@origlanguage=\count531
\c@savedoriglanguage=\count532
\c@pageref=\count533
\c@savedpageref=\count534
\shorthandwidth=\skip287
\shortjournalwidth=\skip288
\shortserieswidth=\skip289
\shorttitlewidth=\skip290
\shortauthorwidth=\skip291
\shorteditorwidth=\skip292
\locallabelnumberwidth=\skip293
\locallabelalphawidth=\skip294
\localshorthandwidth=\skip295
\localshortjournalwidth=\skip296
\localshortserieswidth=\skip297
\localshorttitlewidth=\skip298
\localshortauthorwidth=\skip299
\localshorteditorwidth=\skip300
Package biblatex Info: Trying to load compatibility code...
Package biblatex Info: ... file 'blx-compat.def' found.

(/usr/local/texlive/2025basic/texmf-dist/tex/latex/biblatex/blx-compat.def
File: blx-compat.def 2024/03/21 v3.20 biblatex compatibility (PK/MW)
)
Package biblatex Info: Trying to load generic definitions...
Package biblatex Info: ... file 'biblatex.def' found.

(/usr/local/texlive/2025basic/texmf-dist/tex/latex/biblatex/biblatex.def
File: biblatex.def 2024/03/21 v3.20 biblatex compatibility (PK/MW)
\c@textcitecount=\count535
\c@textcitetotal=\count536
\c@textcitemaxnames=\count537
\c@biburlbigbreakpenalty=\count538
\c@biburlbreakpenalty=\count539
\c@biburlnumpenalty=\count540
\c@biburlucpenalty=\count541
\c@biburllcpenalty=\count542
\biburlbigskip=\muskip22
\biburlnumskip=\muskip23
\biburlucskip=\muskip24
\biburllcskip=\muskip25
\c@smartand=\count543
)
Package biblatex Info: Trying to load bibliography style 'abnt'...
Package biblatex Info: ... file 'abnt.bbx' found.

(/usr/local/texlive/2025basic/texmf-dist/tex/latex/biblatex-abnt/abnt.bbx
File: abnt.bbx 2018-11-17 v3.4 ABNT BibLaTeX citation style
Package biblatex Info: Trying to load bibliography style 'standard'...
Package biblatex Info: ... file 'standard.bbx' found.

(/usr/local/texlive/2025basic/texmf-dist/tex/latex/biblatex/bbx/standard.bbx
File: standard.bbx 2024/03/21 v3.20 biblatex bibliography style (PK/MW)
\c@bbx:relatedcount=\count544
\c@bbx:relatedtotal=\count545
))
Package biblatex Info: Trying to load citation style 'abnt'...
Package biblatex Info: ... file 'abnt.cbx' found.

(/usr/local/texlive/2025basic/texmf-dist/tex/latex/biblatex-abnt/abnt.cbx
File: abnt.cbx 2018-11-17 v3.4 ABNT BibLaTeX citation style
Package biblatex Info: Trying to load citation style 'authoryear-comp'...
Package biblatex Info: ... file 'authoryear-comp.cbx' found.

(/usr/local/texlive/2025basic/texmf-dist/tex/latex/biblatex/cbx/authoryear-comp
.cbx
File: authoryear-comp.cbx 2024/03/21 v3.20 biblatex citation style (PK/MW)
Package biblatex Info: Redefining '\cite'.
Package biblatex Info: Redefining '\parencite'.
Package biblatex Info: Redefining '\footcite'.
Package biblatex Info: Redefining '\footcitetext'.
Package biblatex Info: Redefining '\smartcite'.
Package biblatex Info: Redefining '\textcite'.
Package biblatex Info: Redefining '\textcites'.
Package biblatex Info: Redefining '\cites'.
Package biblatex Info: Redefining '\parencites'.
Package biblatex Info: Redefining '\footcites'.
Package biblatex Info: Redefining '\footcitetexts'.
Package biblatex Info: Redefining '\smartcites'.
)
Package biblatex Info: Redefining '\cite'.
Package biblatex Info: Redefining '\cites'.
Package biblatex Info: Redefining '\footcite'.
Package biblatex Info: Redefining '\footcites'.
Package biblatex Info: Redefining '\citetitle'.
Package biblatex Info: Redefining '\smartcite'.
Package biblatex Info: Redefining '\citeauthor'.
Package biblatex Info: Redefining '\citeyear'.
)
Package biblatex Info: Trying to load configuration file...
Package biblatex Info: ... file 'biblatex.cfg' found.
 (/usr/local/texlive/2025basic/texmf-dist/tex/latex/biblatex/biblatex.cfg
File: biblatex.cfg 
)
Package biblatex Info: Input encoding 'utf8' detected.
Package biblatex Info: Document encoding is UTF8 ....
Package biblatex Info: ... and expl3
(biblatex)             2025-01-18 L3 programming layer (loader) 
(biblatex)             is new enough (at least 2020/04/06),
(biblatex)             setting 'casechanger=expl3'.

(/usr/local/texlive/2025basic/texmf-dist/tex/latex/biblatex/blx-case-expl3.sty
Package: blx-case-expl3 2024/03/21 v3.20 expl3 case changing code for biblatex
)) (/usr/local/texlive/2025basic/texmf-dist/tex/latex/listings/listings.sty
\lst@mode=\count546
\lst@gtempboxa=\box72
\lst@token=\toks57
\lst@length=\count547
\lst@currlwidth=\dimen310
\lst@column=\count548
\lst@pos=\count549
\lst@lostspace=\dimen311
\lst@width=\dimen312
\lst@newlines=\count550
\lst@lineno=\count551
\lst@maxwidth=\dimen313

(/usr/local/texlive/2025basic/texmf-dist/tex/latex/listings/lstpatch.sty
File: lstpatch.sty 2024/09/23 1.10c (Carsten Heinz)
)
(/usr/local/texlive/2025basic/texmf-dist/tex/latex/listings/lstmisc.sty
File: lstmisc.sty 2024/09/23 1.10c (Carsten Heinz)
\c@lstnumber=\count552
\lst@skipnumbers=\count553
\lst@framebox=\box73
)
(/usr/local/texlive/2025basic/texmf-dist/tex/latex/listings/listings.cfg
File: listings.cfg 2024/09/23 1.10c listings configuration
))
Package: listings 2024/09/23 1.10c (Carsten Heinz)
   defining Unicode char U+0301 (decimal 769)
LaTeX Font Info:    Redeclaring symbol font `largesymbols' on input line 518.
LaTeX Font Info:    Overwriting symbol font `largesymbols' in version `normal'
(Font)                  OMX/cmex/m/n --> OMX/helvet/m/n on input line 518.
LaTeX Font Info:    Overwriting symbol font `largesymbols' in version `bold'
(Font)                  OMX/cmex/m/n --> OMX/helvet/m/n on input line 518.
\c@quadro=\count554
\c@loqdepth=\count555
\cftbeforequadroskip=\skip301
\cftquadroindent=\skip302
\cftquadronumwidth=\skip303

(/usr/local/texlive/2025basic/texmf-dist/tex/latex/float/float.sty
Package: float 2001/11/08 v1.3d Float enhancements (AL)
\c@float@type=\count556
\float@exts=\toks58
\float@box=\box74
\@float@everytoks=\toks59
\@floatcapt=\box75
))
(./setup/my_packages.tex) (./setup/information.tex)
Package hyperref Info: Option `colorlinks' set `true' on input line 75.

(./setup/list_of_acron_symbols.tex)
\main@idxfile=\write5
\openout5 = `main.idx'.


Writing index file main.idx 
Package csquotes Info: Checking for multilingual support...
Package csquotes Info: ... found 'babel' package.
Package csquotes Info: Adjusting default style.
Package csquotes Info: Redefining alias 'default' -> 'brazil'.
LaTeX Font Info:    Trying to load font information for T1+phv on input line 10
0.
(/usr/local/texlive/2025basic/texmf-dist/tex/latex/psnfss/t1phv.fd
File: t1phv.fd 2020/03/25 scalable font definitions for T1/phv.
) (./main.aux
\g__glossaries_gls_ref_acronym_int=\count557
)
\openout1 = `main.aux'.

LaTeX Font Info:    Checking defaults for OML/cmm/m/it on input line 100.
LaTeX Font Info:    ... okay on input line 100.
LaTeX Font Info:    Checking defaults for OMS/cmsy/m/n on input line 100.
LaTeX Font Info:    ... okay on input line 100.
LaTeX Font Info:    Checking defaults for OT1/cmr/m/n on input line 100.
LaTeX Font Info:    ... okay on input line 100.
LaTeX Font Info:    Checking defaults for T1/cmr/m/n on input line 100.
LaTeX Font Info:    ... okay on input line 100.
LaTeX Font Info:    Checking defaults for TS1/cmr/m/n on input line 100.
LaTeX Font Info:    ... okay on input line 100.
LaTeX Font Info:    Checking defaults for OMX/cmex/m/n on input line 100.
LaTeX Font Info:    ... okay on input line 100.
LaTeX Font Info:    Checking defaults for U/cmr/m/n on input line 100.
LaTeX Font Info:    ... okay on input line 100.
LaTeX Font Info:    Checking defaults for PD1/pdf/m/n on input line 100.
LaTeX Font Info:    ... okay on input line 100.
LaTeX Font Info:    Checking defaults for PU/pdf/m/n on input line 100.
LaTeX Font Info:    ... okay on input line 100.
LaTeX Font Info:    Checking defaults for LGR/cmr/m/n on input line 100.
LaTeX Font Info:    Trying to load font information for LGR+cmr on input line 1
00.
 (/usr/local/texlive/2025basic/texmf-dist/tex/latex/cbfonts-fd/lgrcmr.fd
File: lgrcmr.fd 2017/07/29 v1.2 Greek European Computer Regular
)
LaTeX Font Info:    ... okay on input line 100.
Package hyperref Info: Link coloring ON on input line 100.
\myptabbox=\box76
\myptabboxwidth=\skip304

(/usr/local/texlive/2025basic/texmf-dist/tex/context/base/mkii/supp-pdf.mkii
[Loading MPS to PDF converter (version 2006.09.02).]
\scratchcounter=\count558
\scratchdimen=\dimen314
\scratchbox=\box77
\nofMPsegments=\count559
\nofMParguments=\count560
\everyMPshowfont=\toks60
\MPscratchCnt=\count561
\MPscratchDim=\dimen315
\MPnumerator=\count562
\makeMPintoPDFobject=\count563
\everyMPtoPDFconversion=\toks61
)
(/usr/local/texlive/2025basic/texmf-dist/tex/latex/epstopdf-pkg/epstopdf-base.s
ty
Package: epstopdf-base 2020-01-24 v2.11 Base part for package epstopdf
Package epstopdf-base Info: Redefining graphics rule for `.eps' on input line 4
85.

(/usr/local/texlive/2025basic/texmf-dist/tex/latex/latexconfig/epstopdf-sys.cfg
File: epstopdf-sys.cfg 2010/07/13 v1.3 Configuration of (r)epstopdf for TeX Liv
e
))
LaTeX Info: Redefining \microtypecontext on input line 100.
Package microtype Info: Applying patch `item' on input line 100.
Package microtype Info: Applying patch `toc' on input line 100.
Package microtype Info: The `eqnum' patch may not be effective because you are
(microtype)             using the mathtools package. Make sure to insert
(microtype)             `\leftprotrusion' and `\rightprotrusion' as
(microtype)             appropriate in mathtools's `\newtagform' command.
Package microtype Info: Applying patch `eqnum' on input line 100.
Package microtype Info: Applying patch `footnote' on input line 100.
Package microtype Info: Applying patch `verbatim' on input line 100.
LaTeX Info: Redefining \microtypesetup on input line 100.
Package microtype Info: Generating PDF output.
Package microtype Info: Character protrusion enabled (level 2),
(microtype)             factor: 1100.
Package microtype Info: Using default protrusion set `alltext'.
Package microtype Info: Automatic font expansion enabled (level 2),
(microtype)             stretch: 10, shrink: 10, step: 1, non-selected.
Package microtype Info: Using default expansion set `alltext-nott'.
LaTeX Info: Redefining \showhyphens on input line 100.
Package microtype Info: No adjustment of tracking.
Package microtype Info: No adjustment of interword spacing.
Package microtype Info: No adjustment of character kerning.
Package microtype Info: Loading generic protrusion settings for font family
(microtype)             `phv' (encoding: T1).
(microtype)             For optimal results, create family-specific settings.
(microtype)             See the microtype manual for details.
 (/usr/local/texlive/2025basic/texmf-dist/tex/latex/pdflscape/pdflscape.sty
Package: pdflscape 2022-10-27 v0.13 Display of landscape pages in PDF

(/usr/local/texlive/2025basic/texmf-dist/tex/latex/pdflscape/pdflscape-nometada
ta.sty
Package: pdflscape-nometadata 2022-10-28 v0.13 Display of landscape pages in PD
F (HO)
 (/usr/local/texlive/2025basic/texmf-dist/tex/latex/graphics/lscape.sty
Package: lscape 2020/05/28 v3.02 Landscape Pages (DPC)
)
Package pdflscape Info: Auto-detected driver: pdftex on input line 81.
))
Package caption Info: Begin \AtBeginDocument code.
Package caption Info: float package is loaded.
Package caption Info: listings package is loaded.
Package caption Info: longtable package is loaded.
 (/usr/local/texlive/2025basic/texmf-dist/tex/latex/caption/ltcaption.sty
Package: ltcaption 2021/01/08 v1.4c longtable captions (AR)
)
Package caption Info: supertabular package is loaded.
Package caption Info: End \AtBeginDocument code.
Package biblatex Info: Trying to load language 'brazil' -> 'brazil-abnt'...
Package biblatex Info: ... file 'brazil-abnt.lbx' found.

(/usr/local/texlive/2025basic/texmf-dist/tex/latex/biblatex-abnt/brazil-abnt.lb
x
File: brazil-abnt.lbx 2018-11-17 v3.4 ABNT BibLaTeX citation style
Package biblatex Info: Trying to load language 'brazilian-abnt'...
Package biblatex Info: ... file 'brazilian-abnt.lbx' found.

(/usr/local/texlive/2025basic/texmf-dist/tex/latex/biblatex-abnt/brazilian-abnt
.lbx
File: brazilian-abnt.lbx 2018-11-17 v3.4 ABNT BibLaTeX citation style
Package biblatex Info: Trying to load language 'brazilian' -> 'brazilian-abnt'.
..
Package biblatex Info: ... file 'brazilian-abnt.lbx' found.

(/usr/local/texlive/2025basic/texmf-dist/tex/latex/biblatex-abnt/brazilian-abnt
.lbx
File: brazilian-abnt.lbx 2018-11-17 v3.4 ABNT BibLaTeX citation style
Package biblatex Info: Trying to load language 'brazilian'...
Package biblatex Info: ... file 'brazilian.lbx' found.

(/usr/local/texlive/2025basic/texmf-dist/tex/latex/biblatex/lbx/brazilian.lbx
File: brazilian.lbx 2024/03/21 v3.20 biblatex localization (PK/MW)
)))
Package biblatex Info: Trying to load language 'brazilian-abnt'...
Package biblatex Info: ... file 'brazilian-abnt.lbx' found.

(/usr/local/texlive/2025basic/texmf-dist/tex/latex/biblatex-abnt/brazilian-abnt
.lbx
File: brazilian-abnt.lbx 2018-11-17 v3.4 ABNT BibLaTeX citation style
Package biblatex Info: Trying to load language 'brazilian' -> 'brazilian-abnt'.
..
Package biblatex Info: ... file 'brazilian-abnt.lbx' found.

(/usr/local/texlive/2025basic/texmf-dist/tex/latex/biblatex-abnt/brazilian-abnt
.lbx
File: brazilian-abnt.lbx 2018-11-17 v3.4 ABNT BibLaTeX citation style
Package biblatex Info: Trying to load language 'brazilian'...
Package biblatex Info: ... file 'brazilian.lbx' found.

(/usr/local/texlive/2025basic/texmf-dist/tex/latex/biblatex/lbx/brazilian.lbx
File: brazilian.lbx 2024/03/21 v3.20 biblatex localization (PK/MW)
)
Package biblatex Info: Trying to load language 'brazil'...
Package biblatex Info: ... file 'brazil.lbx' found.

(/usr/local/texlive/2025basic/texmf-dist/tex/latex/biblatex/lbx/brazil.lbx
File: brazil.lbx 2024/03/21 v3.20 biblatex localization (PK/MW)
Package biblatex Info: Trying to load language 'brazilian'...
Package biblatex Info: ... file 'brazilian.lbx' found.

(/usr/local/texlive/2025basic/texmf-dist/tex/latex/biblatex/lbx/brazilian.lbx
File: brazilian.lbx 2024/03/21 v3.20 biblatex localization (PK/MW)
)))
Package biblatex Info: Trying to load language 'brazil'...
Package biblatex Info: ... file 'brazil.lbx' found.
 (/usr/local/texlive/2025basic/texmf-dist/tex/latex/biblatex/lbx/brazil.lbx
File: brazil.lbx 2024/03/21 v3.20 biblatex localization (PK/MW)
Package biblatex Info: Trying to load language 'brazilian' -> 'brazilian-abnt'.
..
Package biblatex Info: ... file 'brazilian-abnt.lbx' found.

(/usr/local/texlive/2025basic/texmf-dist/tex/latex/biblatex-abnt/brazilian-abnt
.lbx
File: brazilian-abnt.lbx 2018-11-17 v3.4 ABNT BibLaTeX citation style
Package biblatex Info: Trying to load language 'brazilian'...
Package biblatex Info: ... file 'brazilian.lbx' found.

(/usr/local/texlive/2025basic/texmf-dist/tex/latex/biblatex/lbx/brazilian.lbx
File: brazilian.lbx 2024/03/21 v3.20 biblatex localization (PK/MW)
)
Package biblatex Info: Trying to load language 'brazil'...
Package biblatex Info: ... file 'brazil.lbx' found.

(/usr/local/texlive/2025basic/texmf-dist/tex/latex/biblatex/lbx/brazil.lbx
File: brazil.lbx 2024/03/21 v3.20 biblatex localization (PK/MW)
Package biblatex Info: Trying to load language 'brazilian'...
Package biblatex Info: ... file 'brazilian.lbx' found.

(/usr/local/texlive/2025basic/texmf-dist/tex/latex/biblatex/lbx/brazilian.lbx
File: brazilian.lbx 2024/03/21 v3.20 biblatex localization (PK/MW)
))))))
Package biblatex Info: Trying to load language 'english' -> 'english-abnt'...
Package biblatex Info: ... file 'english-abnt.lbx' found.

(/usr/local/texlive/2025basic/texmf-dist/tex/latex/biblatex-abnt/english-abnt.l
bx
File: english-abnt.lbx 2018-11-17 v3.4 ABNT BibLaTeX citation style
Package biblatex Info: Trying to load language 'english'...
Package biblatex Info: ... file 'english.lbx' found.
 (/usr/local/texlive/2025basic/texmf-dist/tex/latex/biblatex/lbx/english.lbx
File: english.lbx 2024/03/21 v3.20 biblatex localization (PK/MW)
)
Package biblatex Info: Trying to load language 'english'...
Package biblatex Info: ... file 'english.lbx' found.
(/usr/local/texlive/2025basic/texmf-dist/tex/latex/biblatex/lbx/english.lbx
File: english.lbx 2024/03/21 v3.20 biblatex localization (PK/MW)
)
Package biblatex Info: Trying to load language 'english'...
Package biblatex Info: ... file 'english.lbx' found.

(/usr/local/texlive/2025basic/texmf-dist/tex/latex/biblatex/lbx/english.lbx
File: english.lbx 2024/03/21 v3.20 biblatex localization (PK/MW)
))
Package biblatex Info: Input encoding 'utf8' detected.
Package biblatex Info: Automatic encoding selection.
(biblatex)             Assuming data encoding 'utf8'.
\openout4 = `main.bcf'.

Package biblatex Info: Trying to load bibliographic data...
Package biblatex Info: ... file 'main.bbl' found.

(./main.bbl)
Package biblatex Info: Reference section=0 on input line 100.
Package biblatex Info: Reference segment=0 on input line 100.
\c@lstlisting=\count564
<setup/logo.png, id=4, 203.25937pt x 69.25874pt>
File: setup/logo.png Graphic file (type png)
<use setup/logo.png>
Package pdftex.def Info: setup/logo.png  used on input line 123.
(pdftex.def)             Requested size: 213.39566pt x 72.71535pt.


[1

{/usr/local/texlive/2025basic/texmf-var/fonts/map/pdftex/updmap/pdftex.map}{/us
r/local/texlive/2025basic/texmf-dist/fonts/enc/dvips/base/8r.enc} <./setup/logo
.png>]
Underfull \hbox (badness 10000) in paragraph at lines 133--133

 []


Underfull \hbox (badness 10000) in paragraph at lines 133--133

 []


Underfull \hbox (badness 10000) in paragraph at lines 133--133

 []




pdfTeX warning (ext4): destination with the same identifier (name{page.1}) has 
been already used, duplicate ignored
<to be read again> 
                   \relax 
l.133 
       [1



] (./beforetext/resumo.tex
LaTeX Font Info:    Font shape `T1/phv/bx/n' in size <12> not available
(Font)              Font shape `T1/phv/b/n' tried instead on input line 4.
LaTeX Font Info:    Font shape `T1/phv/m/it' in size <12> not available
(Font)              Font shape `T1/phv/m/sl' tried instead on input line 5.


[2

]) (./beforetext/abstract.tex

[3

]) (./main.lof
(/usr/local/texlive/2025basic/texmf-dist/tex/latex/microtype/mt-cmr.cfg
File: mt-cmr.cfg 2013/05/19 v2.2 microtype config. file: Computer Modern Roman 
(RS)
)
LaTeX Font Info:    Trying to load font information for OMX+helvet on input lin
e 3.
LaTeX Font Info:    No file OMXhelvet.fd. on input line 3.


LaTeX Font Warning: Font shape `OMX/helvet/m/n' undefined
(Font)              using `OMX/cmex/m/n' instead on input line 3.

LaTeX Font Info:    Trying to load font information for U+msa on input line 3.
(/usr/local/texlive/2025basic/texmf-dist/tex/latex/amsfonts/umsa.fd
File: umsa.fd 2013/01/14 v3.01 AMS symbols A
)
(/usr/local/texlive/2025basic/texmf-dist/tex/latex/microtype/mt-msa.cfg
File: mt-msa.cfg 2006/02/04 v1.1 microtype config. file: AMS symbols (a) (RS)
)
LaTeX Font Info:    Trying to load font information for U+msb on input line 3.

(/usr/local/texlive/2025basic/texmf-dist/tex/latex/amsfonts/umsb.fd
File: umsb.fd 2013/01/14 v3.01 AMS symbols B
)
(/usr/local/texlive/2025basic/texmf-dist/tex/latex/microtype/mt-msb.cfg
File: mt-msb.cfg 2005/06/01 v1.0 microtype config. file: AMS symbols (b) (RS)
)
(/usr/local/texlive/2025basic/texmf-dist/tex/latex/microtype/mt-eur.cfg
File: mt-eur.cfg 2006/07/31 v1.1 microtype config. file: AMS Euler Roman (RS)
)
LaTeX Font Info:    Font shape `T1/phv/m/it' in size <10> not available
(Font)              Font shape `T1/phv/m/sl' tried instead on input line 3.
LaTeX Font Info:    Font shape `T1/phv/m/it' in size <7> not available
(Font)              Font shape `T1/phv/m/sl' tried instead on input line 3.
LaTeX Font Info:    Trying to load font information for LGR+epigrafica on input
 line 3.

(/usr/local/texlive/2025basic/texmf-dist/tex/latex/epigrafica/lgrepigrafica.fd)

Overfull \hbox (0.14174pt too wide) in paragraph at lines 12--12
 [][] [][][]\T1/phv/m/n/12 (-10) Arquitetura de ob-ser-va-bi-li-dade em am-bi-e
n-tes Ku-ber-ne-tes, in-te-grando 
 []

Package microtype Info: Loading generic protrusion settings for font family
(microtype)             `cmtt' (encoding: T1).
(microtype)             For optimal results, create family-specific settings.
(microtype)             See the microtype manual for details.

Overfull \hbox (9.82677pt too wide) in paragraph at lines 17--17
 [][] [][][]\T1/phv/m/n/12 (-10) Código de ini-ci-a-li-za-ção do ser-vi-dor gRP
C em \T1/cmtt/m/n/12 cmd/grpc_-server/main.go\T1/phv/m/n/12 (-10) .[][] []  
 []



[4

{/usr/local/texlive/2025basic/texmf-dist/fonts/enc/dvips/cm-super/cm-super-t1.e
nc}])

[5] (./main.lot)

[6

]

Package glossaries Info: Preparing to sort glossary `acronym' (total number of
(glossaries)             referenced entries: 8)



[7



]

Package glossaries Warning: Empty glossary for \printnoidxglossary[type={simbol
os}]. Rerun may be required (or you may have forgotten to use commands like \gl
s) on input line 200.



[8

] (./main.toc

[9

])

[10] (./chapters/01-chapter.tex

[11


]

[12]
LaTeX Font Info:    Trying to load font information for TS1+phv on input line 4
9.
 (/usr/local/texlive/2025basic/texmf-dist/tex/latex/psnfss/ts1phv.fd
File: ts1phv.fd 2020/03/25 scalable font definitions for TS1/phv.
)
Package microtype Info: Loading generic protrusion settings for font family
(microtype)             `phv' (encoding: TS1).
(microtype)             For optimal results, create family-specific settings.
(microtype)             See the microtype manual for details.
)
(./chapters/02-chapter.tex

[13]

[14

]

[15]
<images/monolito.png, id=345, 1275.76625pt x 1217.54875pt>
File: images/monolito.png Graphic file (type png)
<use images/monolito.png>
Package pdftex.def Info: images/monolito.png  used on input line 45.
(pdftex.def)             Requested size: 364.00139pt x 347.37657pt.


[16]

[17 <./images/monolito.png>]

[18]
<images/event-driven.png, id=386, 1027.84pt x 1027.84pt>
File: images/event-driven.png Graphic file (type png)
<use images/event-driven.png>
Package pdftex.def Info: images/event-driven.png  used on input line 72.
(pdftex.def)             Requested size: 318.49861pt x 318.50163pt.

Underfull \hbox (badness 1033) in paragraph at lines 77--77
\T1/phv/m/n/12 (+10) tos (\T1/phv/m/sl/12 (+10) Event-Driven Ar-chi-tec-ture\T1
/phv/m/n/12 (+10) ). Nesta ar-qui-te-tura, mi-cro-ser-vi-ços in-de-pen-den-tes
 []


Overfull \hbox (26.00456pt too wide) in paragraph at lines 80--81
\T1/phv/m/n/12 (-10) tos (\T1/phv/m/sl/12 (-10) Event-Driven Ar-chi-tec-ture\T1
/phv/m/n/12 (-10) ). Nesta ar-qui-te-tura, mi-cro-ser-vi-ços in-de-pen-den-tes 
comunicam-
 []



[19 <./images/event-driven.png (PNG copy)>]
<images/serverless.png, id=395, 866.23625pt x 458.71375pt>
File: images/serverless.png Graphic file (type png)
<use images/serverless.png>
Package pdftex.def Info: images/serverless.png  used on input line 87.
(pdftex.def)             Requested size: 409.49722pt x 216.84839pt.


[20 <./images/serverless.png>]

[21]
<./images/circuit_breaker.png, id=436, 907.89188pt x 654.94687pt>
File: ./images/circuit_breaker.png Graphic file (type png)
<use ./images/circuit_breaker.png>
Package pdftex.def Info: ./images/circuit_breaker.png  used on input line 111.
(pdftex.def)             Requested size: 318.49861pt x 229.7645pt.


[22 <./images/circuit_breaker.png (PNG copy)>]

[23]
<images/docker.png, id=494, 1027.84pt x 1027.84pt>
File: images/docker.png Graphic file (type png)
<use images/docker.png>
Package pdftex.def Info: images/docker.png  used on input line 152.
(pdftex.def)             Requested size: 295.74722pt x 295.7448pt.


[24 <./images/docker.png (PNG copy)>]

[25]
<images/microservice.png, id=535, 639.89063pt x 391.4625pt>
File: images/microservice.png Graphic file (type png)
<use images/microservice.png>
Package pdftex.def Info: images/microservice.png  used on input line 188.
(pdftex.def)             Requested size: 318.49861pt x 194.84673pt.


[26 <./images/microservice.png>]

[27]

[28]
<images/rest.png, id=602, 1027.84pt x 657.45625pt>
File: images/rest.png Graphic file (type png)
<use images/rest.png>
Package pdftex.def Info: images/rest.png  used on input line 311.
(pdftex.def)             Requested size: 318.49861pt x 203.72908pt.


[29]

[30 <./images/rest.png>]
<images/grpc.png, id=634, 1094.0875pt x 517.935pt>
File: images/grpc.png Graphic file (type png)
<use images/grpc.png>
Package pdftex.def Info: images/grpc.png  used on input line 339.
(pdftex.def)             Requested size: 455.0pt x 215.39738pt.


[31 <./images/grpc.png>]

[32]

[33]
<images/kube-arch.png, id=698, 1027.84pt x 1027.84pt>
File: images/kube-arch.png Graphic file (type png)
<use images/kube-arch.png>
Package pdftex.def Info: images/kube-arch.png  used on input line 393.
(pdftex.def)             Requested size: 295.74722pt x 295.7448pt.


[34 <./images/kube-arch.png (PNG copy)>]

[35]
<images/k8s-observability-architecture.png, id=733, 1027.84pt x 1027.84pt>
File: images/k8s-observability-architecture.png Graphic file (type png)
<use images/k8s-observability-architecture.png>
Package pdftex.def Info: images/k8s-observability-architecture.png  used on inp
ut line 424.
(pdftex.def)             Requested size: 364.00139pt x 363.99963pt.
<images/teoria-controle.png, id=743, 1027.84pt x 1027.84pt>
File: images/teoria-controle.png Graphic file (type png)
<use images/teoria-controle.png>
Package pdftex.def Info: images/teoria-controle.png  used on input line 439.
(pdftex.def)             Requested size: 364.00139pt x 363.99963pt.


[36 <./images/k8s-observability-architecture.png (PNG copy)>]

[37 <./images/teoria-controle.png (PNG copy)>]

[38]
<images/pillars-observability.png, id=786, 1027.84pt x 1027.84pt>
File: images/pillars-observability.png Graphic file (type png)
<use images/pillars-observability.png>
Package pdftex.def Info: images/pillars-observability.png  used on input line 4
84.
(pdftex.def)             Requested size: 273.00278pt x 273.00365pt.


[39 <./images/pillars-observability.png (PNG copy)>]

[40]
<images/automacao.png, id=816, 1027.84pt x 1027.84pt>
File: images/automacao.png Graphic file (type png)
<use images/automacao.png>
Package pdftex.def Info: images/automacao.png  used on input line 515.
(pdftex.def)             Requested size: 318.49861pt x 318.50163pt.


[41 <./images/automacao.png (PNG copy)>]

[42

]) (./chapters/03-chapter.tex

[43]
Overfull \hbox (90.3359pt too wide) in paragraph at lines 111--112
\T1/phv/m/n/12 (-10) Pro-metheus (\T1/cmtt/m/n/12 github.com/prometheus/client_
-golang\T1/phv/m/n/12 (-10) ) e ge-ra-ção de UUIDs (\T1/cmtt/m/n/12 github.com/
google/uuid\T1/phv/m/n/12 (-10) ). 
 []



[44

]
Overfull \hbox (43.23296pt too wide) in paragraph at lines 133--134
[]\T1/phv/m/n/12 (-10) Os ar-qui-vos de con-fi-gu-ra-ção Doc-ker fi-cam em \T1/
cmtt/m/n/12 zarf/docker/\T1/phv/m/n/12 (-10) , in-clu-indo \T1/cmtt/m/n/12 rest
.dockerfile
 []

(/usr/local/texlive/2025basic/texmf-dist/tex/latex/listings/lstlang1.sty
File: lstlang1.sty 2024/09/23 1.10c listings language file
)
(/usr/local/texlive/2025basic/texmf-dist/tex/latex/listings/lstlang2.sty
File: lstlang2.sty 2024/09/23 1.10c listings language file
)
(/usr/local/texlive/2025basic/texmf-dist/tex/latex/listings/lstlang3.sty
File: lstlang3.sty 2024/09/23 1.10c listings language file
)
Package hyperref Info: bookmark level for unknown lstlisting defaults to 0 on i
nput line 145.
LaTeX Font Info:    Font shape `T1/phv/m/it' in size <10.95> not available
(Font)              Font shape `T1/phv/m/sl' tried instead on input line 146.
LaTeX Font Info:    Font shape `T1/phv/m/it' in size <8> not available
(Font)              Font shape `T1/phv/m/sl' tried instead on input line 146.
LaTeX Font Info:    Font shape `T1/phv/m/it' in size <6> not available
(Font)              Font shape `T1/phv/m/sl' tried instead on input line 146.


[45]
Overfull \hbox (12.99356pt too wide) in paragraph at lines 166--167
\T1/cmtt/m/n/12 requests_-total \T1/phv/m/n/12 (-10) (con-ta-dor de re-qui-si-ç
ões por mé-todo, \T1/phv/m/sl/12 (-10) end-po-int \T1/phv/m/n/12 (-10) e \T1/ph
v/m/sl/12 (-10) sta-tus\T1/phv/m/n/12 (-10) ), \T1/cmtt/m/n/12 http_-request_-
 []

<images/rest-main.png, id=853, 1343.0175pt x 854.19125pt>
File: images/rest-main.png Graphic file (type png)
<use images/rest-main.png>
Package pdftex.def Info: images/rest-main.png  used on input line 188.
(pdftex.def)             Requested size: 409.49722pt x 260.44324pt.


[46]

[47 <./images/rest-main.png>]
Overfull \hbox (18.6672pt too wide) in paragraph at lines 238--239
[]\T1/phv/m/n/12 (-10) O mé-todo \T1/cmtt/m/n/12 GetAllCertificates \T1/phv/m/n
/12 (-10) é equi-va-lente ao end-po-int REST \T1/cmtt/m/n/12 /certificate/all\T
1/phv/m/n/12 (-10) ,
 []

(/usr/local/texlive/2025basic/texmf-dist/tex/latex/listings/lstlang1.sty
File: lstlang1.sty 2024/09/23 1.10c listings language file
)
(/usr/local/texlive/2025basic/texmf-dist/tex/latex/listings/lstlang1.sty
File: lstlang1.sty 2024/09/23 1.10c listings language file
)

[48]
Overfull \hbox (22.43718pt too wide) in paragraph at lines 273--274
[]\T1/phv/m/n/12 (-10) Cada mé-todo RPC foi im-ple-men-tado como uma fun-ção qu
e re-cebe \T1/cmtt/m/n/12 context.Context
 []



[49]
Overfull \hbox (110.0417pt too wide) in paragraph at lines 277--278
[]\T1/phv/m/n/12 (-10) O ser-vi-dor gRPC foi con-tai-ne-ri-zado usando \T1/phv/
m/sl/12 (-10) Doc-ker-file multi-stage \T1/phv/m/n/12 (-10) em \T1/cmtt/m/n/12 
zarf/docker/grpc.dockerfile\T1/phv/m/n/12 (-10) .
 []

<images/grpc-main.png, id=950, 1339.0025pt x 854.19125pt>
File: images/grpc-main.png Graphic file (type png)
<use images/grpc-main.png>
Package pdftex.def Info: images/grpc-main.png  used on input line 281.
(pdftex.def)             Requested size: 409.49722pt x 261.22527pt.

Overfull \hbox (67.63182pt too wide) in paragraph at lines 300--301
\T1/phv/m/n/12 (-10) ló-gica de ne-gó-cio atra-vés do \T1/cmtt/m/n/12 Certifica
teService\T1/phv/m/n/12 (-10) , de-fi-nido em \T1/cmtt/m/n/12 internal/service/
certificate.go\T1/phv/m/n/12 (-10) .
 []



[50 <./images/grpc-main.png>]

[51]
Overfull \hbox (28.69171pt too wide) in paragraph at lines 372--373
\T1/phv/m/n/12 (-10) metheus foi con-fi-gu-rado com re-ten-ção de 200 ho-ras (\
T1/cmtt/m/n/12 --storage.tsdb.retention.time=200h\T1/phv/m/n/12 (-10) ). 
 []



[52]
<images/grafana-cpu-memory.png, id=1016, 1915.155pt x 811.03pt>
File: images/grafana-cpu-memory.png Graphic file (type png)
<use images/grafana-cpu-memory.png>
Package pdftex.def Info: images/grafana-cpu-memory.png  used on input line 397.

(pdftex.def)             Requested size: 455.0pt x 192.6835pt.


[53 <./images/grafana-cpu-memory.png>]) (./chapters/04-chapter.tex

[54]

[55]
Overfull \hbox (13.08199pt too wide) in paragraph at lines 21--22
[]\T1/phv/m/n/12 (-10) Entre cada teste, os ser-vi-do-res fo-ram rei-ni-ci-a-do
s usando \T1/cmtt/m/n/12 docker-compose restart
 []



[56

]
<images/comparison-results.png, id=1053, 453.695pt x 692.5875pt>
File: images/comparison-results.png Graphic file (type png)
<use images/comparison-results.png>
Package pdftex.def Info: images/comparison-results.png  used on input line 31.
(pdftex.def)             Requested size: 318.49861pt x 486.20291pt.


[57]
<images/comparasio-results-15110.png, id=1058, 453.695pt x 701.62125pt>
File: images/comparasio-results-15110.png Graphic file (type png)
<use images/comparasio-results-15110.png>
Package pdftex.def Info: images/comparasio-results-15110.png  used on input lin
e 39.
(pdftex.def)             Requested size: 318.49861pt x 492.5447pt.


[58 <./images/comparison-results.png>]

[59 <./images/comparasio-results-15110.png>]

[60]

[61]
<images/grafana-rest-15k.png, id=1080, 1608.0075pt x 701.62125pt>
File: images/grafana-rest-15k.png Graphic file (type png)
<use images/grafana-rest-15k.png>
Package pdftex.def Info: images/grafana-rest-15k.png  used on input line 119.
(pdftex.def)             Requested size: 455.0pt x 198.52954pt.
<images/grafana-grpc-15k.png, id=1081, 1608.0075pt x 701.62125pt>
File: images/grafana-grpc-15k.png Graphic file (type png)
<use images/grafana-grpc-15k.png>
Package pdftex.def Info: images/grafana-grpc-15k.png  used on input line 127.
(pdftex.def)             Requested size: 455.0pt x 198.52954pt.


[62 <./images/grafana-rest-15k.png> <./images/grafana-grpc-15k.png>]
<images/grafana-rest-5k.png, id=1090, 1608.0075pt x 714.67pt>
File: images/grafana-rest-5k.png Graphic file (type png)
<use images/grafana-rest-5k.png>
Package pdftex.def Info: images/grafana-rest-5k.png  used on input line 155.
(pdftex.def)             Requested size: 455.0pt x 202.22179pt.
<images/grafana-grpc-5k.png, id=1091, 1608.0075pt x 714.67pt>
File: images/grafana-grpc-5k.png Graphic file (type png)
<use images/grafana-grpc-5k.png>
Package pdftex.def Info: images/grafana-grpc-5k.png  used on input line 163.
(pdftex.def)             Requested size: 455.0pt x 202.22179pt.


[63 <./images/grafana-rest-5k.png>])

[64 <./images/grafana-grpc-5k.png>]

[65

]

[66]
\tf@lof=\write6
\openout6 = `main.lof'.

\tf@lot=\write7
\openout7 = `main.lot'.

\tf@toc=\write8
\openout8 = `main.toc'.

 (./main.aux)
 ***********
LaTeX2e <2024-11-01> patch level 2
L3 programming layer <2020/03/25>
 ***********


LaTeX Font Warning: Some font shapes were not available, defaults substituted.

Package logreq Info: Writing requests to 'main.run.xml'.
\openout1 = `main.run.xml'.

 ) 
Here is how much of TeX's memory you used:
 45728 strings out of 473190
 837608 string characters out of 5713195
 2163149 words of memory out of 5000000
 67808 multiletter control sequences out of 15000+600000
 625096 words of font info for 276 fonts, out of 8000000 for 9000
 1143 hyphenation exceptions out of 8191
 196i,13n,292p,2527b,4447s stack positions out of 10000i,1000n,20000p,200000b,200000s
</usr/local/texlive/2025basic/texmf-dist/fonts/type1/public/amsfonts/cm/cmmi1
0.pfb></usr/local/texlive/2025basic/texmf-dist/fonts/type1/public/amsfonts/cm/c
msy10.pfb></usr/local/texlive/2025basic/texmf-dist/fonts/type1/public/cm-super/
sftt1000.pfb></usr/local/texlive/2025basic/texmf-dist/fonts/type1/public/cm-sup
er/sftt1200.pfb></usr/local/texlive/2025basic/texmf-dist/fonts/type1/urw/helvet
ic/uhvb8a.pfb></usr/local/texlive/2025basic/texmf-dist/fonts/type1/urw/helvetic
/uhvr8a.pfb></usr/local/texlive/2025basic/texmf-dist/fonts/type1/urw/helvetic/u
hvro8a.pfb>
Output written on main.pdf (67 pages, 10678493 bytes).
PDF statistics:
 1389 PDF objects out of 1440 (max. 8388607)
 1256 compressed objects within 13 object streams
 328 named destinations out of 1000 (max. 500000)
 71220 words of extra memory for PDF output out of 74296 (max. 10000000)

